Index,fsr1,fsr2,fsr3,fsr4,Posture,Age,Gender,Weight
1,1424,1789,2273,2000,straight,21,Male,65kg
2,1439,1776,2219,2011,straight,21,Male,65kg
3,1458,1787,2253,2003,straight,21,Male,65kg
4,1483,1765,2245,1999,straight,21,Male,65kg
5,1482,1751,2226,1983,straight,21,Male,65kg
6,1498,1783,2257,2000,straight,21,Male,65kg
7,1513,1776,2245,1987,straight,21,Male,65kg
8,1486,1747,2258,1968,straight,21,Male,65kg
9,1521,1776,2261,1979,straight,21,Male,65kg
10,1501,1765,2284,1946,straight,21,Male,65kg
11,1520,1778,2295,1922,straight,21,Male,65kg
12,1535,1763,2299,1915,straight,21,Male,65kg
13,1535,1771,2277,1937,straight,21,Male,65kg
14,1525,1741,2270,1926,straight,21,Male,65kg
15,1531,1729,2253,1906,straight,21,Male,65kg
16,1490,1721,2279,1946,straight,21,Male,65kg
17,1520,1774,2281,1936,straight,21,Male,65kg
18,1526,1787,2238,1957,straight,21,Male,65kg
19,1535,1801,2224,1925,straight,21,Male,65kg
20,1563,1806,2227,1935,straight,21,Male,65kg
21,1557,1799,2258,1942,straight,21,Male,65kg
22,1535,1823,2205,1941,straight,21,Male,65kg
23,1535,1808,2204,1935,straight,21,Male,65kg
24,1535,1840,2287,1943,straight,21,Male,65kg
25,1535,1824,2270,1933,straight,21,Male,65kg
26,1568,1835,2246,1936,straight,21,Male,65kg
27,1558,1822,2286,1931,straight,21,Male,65kg
28,1520,1838,2259,1930,straight,21,Male,65kg
29,1555,1858,2271,1904,straight,21,Male,65kg
30,1565,1835,2258,1929,straight,21,Male,65kg
31,1595,1842,2267,1930,straight,21,Male,65kg
32,1603,1861,2267,1939,straight,21,Male,65kg
33,1571,1840,2298,1907,straight,21,Male,65kg
34,1577,1857,2273,1902,straight,21,Male,65kg
35,1568,1842,2289,1905,straight,21,Male,65kg
36,1559,1854,2279,1901,straight,21,Male,65kg
37,1584,1840,2278,1889,straight,21,Male,65kg
38,1583,1872,2286,1877,straight,21,Male,65kg
39,1590,1872,2287,1878,straight,21,Male,65kg
40,1591,1945,2325,1875,straight,21,Male,65kg
41,1575,1939,2326,1866,straight,21,Male,65kg
42,1584,1947,2318,1914,straight,21,Male,65kg
43,1577,1957,2320,1864,straight,21,Male,65kg
44,1513,1968,2259,1901,straight,21,Male,65kg
45,1461,1985,2279,1917,straight,21,Male,65kg
46,1554,1968,2271,1931,straight,21,Male,65kg
47,1584,1911,2257,1914,straight,21,Male,65kg
48,1554,1849,2288,1921,straight,21,Male,65kg
49,1572,1889,2300,1904,straight,21,Male,65kg
50,1535,1889,2298,1907,straight,21,Male,65kg
51,1597,1870,2260,1936,straight,21,Male,65kg
52,1571,1881,2267,1934,straight,21,Male,65kg
53,1518,1889,2287,1913,straight,21,Male,65kg
54,1535,1876,2271,1911,straight,21,Male,65kg
55,1535,1899,2293,1923,straight,21,Male,65kg
56,1573,1894,2261,1929,straight,21,Male,65kg
57,1572,1860,2271,1936,straight,21,Male,65kg
58,1535,1889,2277,1943,straight,21,Male,65kg
59,1535,1914,2291,1941,straight,21,Male,65kg
60,1531,1908,2286,1904,straight,21,Male,65kg
61,1563,1911,2274,1933,straight,21,Male,65kg
62,1535,1895,2275,1930,straight,21,Male,65kg
63,1581,1901,2260,1957,straight,21,Male,65kg
64,1584,1914,2290,1903,straight,21,Male,65kg
65,1582,1866,2299,1879,straight,21,Male,65kg
66,1567,1783,2307,1893,straight,21,Male,65kg
67,1595,1804,2268,1914,straight,21,Male,65kg
68,1569,1862,2257,1943,straight,21,Male,65kg
69,1571,1866,2235,1930,straight,21,Male,65kg
70,1557,1843,2250,1943,straight,21,Male,65kg
71,1530,1856,2255,1918,straight,21,Male,65kg
72,1569,1903,2268,1942,straight,21,Male,65kg
73,1585,1911,2246,1938,straight,21,Male,65kg
74,1613,1915,2247,1947,straight,21,Male,65kg
75,1578,1918,2254,1924,straight,21,Male,65kg
76,1584,1921,2256,1953,straight,21,Male,65kg
77,1607,1907,2267,1970,straight,21,Male,65kg
78,1565,1968,2282,1946,straight,21,Male,65kg
79,1614,1945,2288,1958,straight,21,Male,65kg
80,1584,1931,2259,1930,straight,21,Male,65kg
81,1557,1949,2235,1936,straight,21,Male,65kg
82,1534,1963,2257,1917,straight,21,Male,65kg
83,1582,1953,2253,1923,straight,21,Male,65kg
84,1566,1948,2254,1920,straight,21,Male,65kg
85,1559,1969,2277,1924,straight,21,Male,65kg
86,1562,1961,2258,1927,straight,21,Male,65kg
87,1569,1903,2231,1936,straight,21,Male,65kg
88,1435,1743,2242,1950,straight,21,Male,65kg
89,1442,1648,2285,1936,straight,21,Male,65kg
90,1439,1697,2266,1948,straight,21,Male,65kg
91,1456,1744,2283,1974,straight,21,Male,65kg
92,1456,1734,2279,1943,straight,21,Male,65kg
93,1437,1765,2290,1923,straight,21,Male,65kg
94,1453,1735,2295,1915,straight,21,Male,65kg
95,1461,1733,2275,1888,straight,21,Male,65kg
96,1488,1766,2294,1892,straight,21,Male,65kg
97,1459,1771,2293,1895,straight,21,Male,65kg
98,1456,1757,2273,1874,straight,21,Male,65kg
99,1439,1804,2289,1882,straight,21,Male,65kg
100,1535,1825,2247,1877,straight,21,Male,65kg
101,1535,1914,2263,1842,straight,21,Male,65kg
102,1535,1949,2320,1796,straight,21,Male,65kg
103,1600,1961,2305,1791,straight,21,Male,65kg
104,1584,1925,2261,1826,straight,21,Male,65kg
105,1590,1927,2254,1852,straight,21,Male,65kg
106,1563,1969,2256,1871,straight,21,Male,65kg
107,1528,1970,2250,1890,straight,21,Male,65kg
108,1595,1984,2239,1857,straight,21,Male,65kg
109,1558,1979,2259,1898,straight,21,Male,65kg
110,1517,1996,2243,1919,straight,21,Male,65kg
111,1525,2000,2250,1917,straight,21,Male,65kg
112,1483,1933,2240,1910,straight,21,Male,65kg
113,1473,1951,2234,1909,straight,21,Male,65kg
114,1481,1935,2244,1909,straight,21,Male,65kg
115,1477,1957,2240,1901,straight,21,Male,65kg
116,1478,1947,2238,1926,straight,21,Male,65kg
117,1535,1979,2246,1910,straight,21,Male,65kg
118,1477,1947,2246,1904,straight,21,Male,65kg
119,1470,1966,2247,1914,straight,21,Male,65kg
120,1520,1963,2251,1936,straight,21,Male,65kg
121,1498,1969,2258,1921,straight,21,Male,65kg
122,1472,1990,2261,1916,straight,21,Male,65kg
123,1474,1968,2233,1903,straight,21,Male,65kg
124,1456,1951,2259,1904,straight,21,Male,65kg
125,1471,1949,2256,1905,straight,21,Male,65kg
126,1479,1967,2241,1885,straight,21,Male,65kg
127,1486,1983,2269,1872,straight,21,Male,65kg
128,1569,1984,2299,1891,straight,21,Male,65kg
129,1431,1981,2288,1947,straight,21,Male,65kg
130,1488,1984,2274,1963,straight,21,Male,65kg
131,1508,1987,2288,1969,straight,21,Male,65kg
132,1506,1995,2242,1943,straight,21,Male,65kg
133,1500,2007,2264,1951,straight,21,Male,65kg
134,1488,2002,2244,1973,straight,21,Male,65kg
135,1517,1991,2255,1966,straight,21,Male,65kg
136,1472,2011,2247,1970,straight,21,Male,65kg
137,1474,2015,2260,1997,straight,21,Male,65kg
138,1474,1949,2257,1978,straight,21,Male,65kg
139,1475,1984,2245,1981,straight,21,Male,65kg
140,1471,1989,2242,2000,straight,21,Male,65kg
141,1491,1975,2256,1987,straight,21,Male,65kg
142,1491,1995,2263,1983,straight,21,Male,65kg
143,1535,2021,2263,1974,straight,21,Male,65kg
144,1535,1980,2262,1968,straight,21,Male,65kg
145,1565,1949,2260,1977,straight,21,Male,65kg
146,1532,1998,2261,1975,straight,21,Male,65kg
147,1502,1991,2279,1964,straight,21,Male,65kg
148,1494,2000,2270,1986,straight,21,Male,65kg
149,1475,1990,2271,1967,straight,21,Male,65kg
150,1598,1999,2293,1943,straight,21,Male,65kg
151,1602,2013,2314,1920,straight,21,Male,65kg
152,1612,1995,2324,1918,straight,21,Male,65kg
153,1453,1973,2251,1936,straight,21,Male,65kg
154,1488,1970,2282,1951,straight,21,Male,65kg
155,1469,1969,2275,1942,straight,21,Male,65kg
156,1465,1969,2274,1931,straight,21,Male,65kg
157,1489,2000,2295,1966,straight,21,Male,65kg
158,1488,1980,2263,1925,straight,21,Male,65kg
159,1502,1968,2303,1931,straight,21,Male,65kg
160,1473,1968,2288,1929,straight,21,Male,65kg
161,1500,1964,2275,1935,straight,21,Male,65kg
162,1478,1959,2271,1916,straight,21,Male,65kg
163,1499,2000,2273,1941,straight,21,Male,65kg
164,1486,1963,2271,1936,straight,21,Male,65kg
165,1479,1964,2271,1940,straight,21,Male,65kg
166,1487,1969,2273,1936,straight,21,Male,65kg
167,1503,1938,2279,1936,straight,21,Male,65kg
168,1473,1983,2274,1936,straight,21,Male,65kg
169,1505,1963,2267,1950,straight,21,Male,65kg
170,1488,2000,2274,1946,straight,21,Male,65kg
171,1493,1983,2281,1942,straight,21,Male,65kg
172,1469,1990,2282,1964,straight,21,Male,65kg
173,1488,1974,2242,1946,straight,21,Male,65kg
174,1515,1996,2261,1945,straight,21,Male,65kg
175,1507,1980,2272,1930,straight,21,Male,65kg
176,1488,1963,2275,1947,straight,21,Male,65kg
177,1533,1981,2282,1936,straight,21,Male,65kg
178,1505,1991,2257,1968,straight,21,Male,65kg
179,1470,1984,2258,1955,straight,21,Male,65kg
180,1510,1945,2286,1963,straight,21,Male,65kg
181,1502,1931,2279,1939,straight,21,Male,65kg
182,1509,1949,2261,1973,straight,21,Male,65kg
183,1515,1987,2267,1951,straight,21,Male,65kg
184,1475,1978,2272,1939,straight,21,Male,65kg
185,1534,1989,2273,1935,straight,21,Male,65kg
186,1478,1958,2266,1951,straight,21,Male,65kg
187,1473,1962,2269,1968,straight,21,Male,65kg
188,1478,1951,2255,1956,straight,21,Male,65kg
189,1507,1975,2300,1986,straight,21,Male,65kg
190,1467,1990,2282,1972,straight,21,Male,65kg
191,1485,1983,2271,1961,straight,21,Male,65kg
192,1495,1927,2271,1955,straight,21,Male,65kg
193,1447,1936,2263,1956,straight,21,Male,65kg
194,1519,1940,2268,1968,straight,21,Male,65kg
195,1463,1953,2274,1978,straight,21,Male,65kg
196,1523,1925,2270,1975,straight,21,Male,65kg
197,1469,1931,2274,1968,straight,21,Male,65kg
198,1516,1989,2263,1939,straight,21,Male,65kg
199,1463,1943,2277,2005,straight,21,Male,65kg
200,1488,1899,2275,1968,straight,21,Male,65kg
201,1424,1926,2269,1966,straight,21,Male,65kg
202,1500,1936,2265,1973,straight,21,Male,65kg
203,1471,1933,2278,1965,straight,21,Male,65kg
204,1491,1936,2288,1968,straight,21,Male,65kg
205,1486,1979,2257,1998,straight,21,Male,65kg
206,1474,1968,2285,1951,straight,21,Male,65kg
207,1470,1962,2288,1949,straight,21,Male,65kg
208,1472,1950,2288,1940,straight,21,Male,65kg
209,1493,1968,2273,1938,straight,21,Male,65kg
210,1456,1937,2286,1933,straight,21,Male,65kg
211,1471,1951,2279,1925,straight,21,Male,65kg
212,1474,1965,2278,1918,straight,21,Male,65kg
213,1511,1955,2310,1943,straight,21,Male,65kg
214,1440,1914,2286,1950,straight,21,Male,65kg
215,1459,1950,2283,1914,straight,21,Male,65kg
216,1475,1957,2299,1949,straight,21,Male,65kg
217,1443,1982,2282,1907,straight,21,Male,65kg
218,1488,1986,2288,1927,straight,21,Male,65kg
219,1465,1984,2304,1937,straight,21,Male,65kg
220,1455,1982,2297,1952,straight,21,Male,65kg
221,1481,1945,2286,1940,straight,21,Male,65kg
222,1488,1979,2298,1930,straight,21,Male,65kg
223,1485,1996,2303,1948,straight,21,Male,65kg
224,1451,1978,2284,1934,straight,21,Male,65kg
225,1473,1979,2320,1967,straight,21,Male,65kg
226,1453,1990,2309,1942,straight,21,Male,65kg
227,1501,1968,2273,1964,straight,21,Male,65kg
228,1485,1964,2295,1983,straight,21,Male,65kg
229,1469,1988,2285,1959,straight,21,Male,65kg
230,1472,1966,2293,1950,straight,21,Male,65kg
231,1481,1951,2294,1953,straight,21,Male,65kg
232,1467,1968,2294,1955,straight,21,Male,65kg
233,1488,1919,2305,1941,straight,21,Male,65kg
234,1484,1883,2291,1951,straight,21,Male,65kg
235,1466,1937,2293,1943,straight,21,Male,65kg
236,1486,1936,2289,1963,straight,21,Male,65kg
237,1475,1931,2305,1974,straight,21,Male,65kg
238,1446,1937,2307,1968,straight,21,Male,65kg
239,1509,1949,2303,1982,straight,21,Male,65kg
240,1456,1954,2286,1968,straight,21,Male,65kg
241,1483,1970,2311,1952,straight,21,Male,65kg
242,1479,1952,2304,1949,straight,21,Male,65kg
243,1490,1958,2287,1975,straight,21,Male,65kg
244,1507,1942,2289,1976,straight,21,Male,65kg
245,1483,1919,2258,1990,straight,21,Male,65kg
246,1488,1936,2291,1942,straight,21,Male,65kg
247,1509,1937,2293,1959,straight,21,Male,65kg
248,1508,1949,2303,1949,straight,21,Male,65kg
249,1514,1921,2288,1950,straight,21,Male,65kg
250,1486,1936,2288,1940,straight,21,Male,65kg
251,1685,2107,1935,1250,lean_forward,21,Male,65kg
252,1511,1955,858,878,lean_forward,21,Male,65kg
253,1351,1939,1392,1130,lean_forward,21,Male,65kg
254,1488,2033,1451,1065,lean_forward,21,Male,65kg
255,1501,2122,1427,1008,lean_forward,21,Male,65kg
256,1482,2091,1358,910,lean_forward,21,Male,65kg
257,1515,2145,1364,848,lean_forward,21,Male,65kg
258,1566,2258,1336,843,lean_forward,21,Male,65kg
259,1510,2143,1282,927,lean_forward,21,Male,65kg
260,1535,2209,1533,946,lean_forward,21,Male,65kg
261,1456,2137,1295,934,lean_forward,21,Male,65kg
262,1510,2155,1321,924,lean_forward,21,Male,65kg
263,1491,2163,1255,982,lean_forward,21,Male,65kg
264,1531,2182,1360,1056,lean_forward,21,Male,65kg
265,1567,2190,1346,1085,lean_forward,21,Male,65kg
266,1553,2179,1408,993,lean_forward,21,Male,65kg
267,1518,2176,1404,969,lean_forward,21,Male,65kg
268,1519,2183,1391,1022,lean_forward,21,Male,65kg
269,1584,2192,1403,975,lean_forward,21,Male,65kg
270,1563,2160,1387,999,lean_forward,21,Male,65kg
271,1529,2187,1392,976,lean_forward,21,Male,65kg
272,1555,2186,1394,1003,lean_forward,21,Male,65kg
273,1535,2177,1403,1003,lean_forward,21,Male,65kg
274,1555,2176,1405,1002,lean_forward,21,Male,65kg
275,1535,2162,1392,1040,lean_forward,21,Male,65kg
276,1526,2191,1417,1055,lean_forward,21,Male,65kg
277,1607,2176,1421,1071,lean_forward,21,Male,65kg
278,1513,2176,1454,962,lean_forward,21,Male,65kg
279,1605,2178,1450,991,lean_forward,21,Male,65kg
280,1570,2171,1455,931,lean_forward,21,Male,65kg
281,1520,2167,1463,975,lean_forward,21,Male,65kg
282,1582,2182,1472,967,lean_forward,21,Male,65kg
283,1584,2177,1462,960,lean_forward,21,Male,65kg
284,1573,2125,1522,895,lean_forward,21,Male,65kg
285,1581,2167,1487,976,lean_forward,21,Male,65kg
286,1569,2162,1486,1037,lean_forward,21,Male,65kg
287,1583,2144,1495,1090,lean_forward,21,Male,65kg
288,1599,2176,1486,1131,lean_forward,21,Male,65kg
289,1629,2176,1435,896,lean_forward,21,Male,65kg
290,1642,2169,1446,931,lean_forward,21,Male,65kg
291,1637,2175,1460,855,lean_forward,21,Male,65kg
292,1608,2164,1455,855,lean_forward,21,Male,65kg
293,1616,2174,1457,836,lean_forward,21,Male,65kg
294,1614,2149,1459,869,lean_forward,21,Male,65kg
295,1597,2173,1451,901,lean_forward,21,Male,65kg
296,1642,2144,1408,929,lean_forward,21,Male,65kg
297,1629,2161,1297,1002,lean_forward,21,Male,65kg
298,1616,2141,1431,875,lean_forward,21,Male,65kg
299,1598,2161,1442,794,lean_forward,21,Male,65kg
300,1601,2163,1431,723,lean_forward,21,Male,65kg
301,1569,2153,1407,825,lean_forward,21,Male,65kg
302,1535,2129,1419,851,lean_forward,21,Male,65kg
303,1570,2183,1429,894,lean_forward,21,Male,65kg
304,1572,2160,1431,893,lean_forward,21,Male,65kg
305,1569,2143,1439,903,lean_forward,21,Male,65kg
306,1535,2146,1462,887,lean_forward,21,Male,65kg
307,1557,2143,1470,912,lean_forward,21,Male,65kg
308,1567,2139,1487,909,lean_forward,21,Male,65kg
309,1565,2134,1517,860,lean_forward,21,Male,65kg
310,1535,2138,1519,897,lean_forward,21,Male,65kg
311,1554,2128,1489,977,lean_forward,21,Male,65kg
312,1535,2142,1505,975,lean_forward,21,Male,65kg
313,1555,2140,1495,954,lean_forward,21,Male,65kg
314,1561,2145,1467,910,lean_forward,21,Male,65kg
315,1563,2129,1515,947,lean_forward,21,Male,65kg
316,1535,2126,1523,929,lean_forward,21,Male,65kg
317,1520,2135,1478,927,lean_forward,21,Male,65kg
318,1562,2145,1492,957,lean_forward,21,Male,65kg
319,1566,2146,1467,945,lean_forward,21,Male,65kg
320,1535,2138,1475,911,lean_forward,21,Male,65kg
321,1557,2149,1471,838,lean_forward,21,Male,65kg
322,1535,2155,1499,875,lean_forward,21,Male,65kg
323,1535,2158,1505,843,lean_forward,21,Male,65kg
324,1535,2155,1510,870,lean_forward,21,Male,65kg
325,1535,2149,1511,853,lean_forward,21,Male,65kg
326,1567,2159,1461,888,lean_forward,21,Male,65kg
327,1556,2151,1514,816,lean_forward,21,Male,65kg
328,1535,2174,1535,848,lean_forward,21,Male,65kg
329,1535,2170,1520,845,lean_forward,21,Male,65kg
330,1535,2160,1471,867,lean_forward,21,Male,65kg
331,1535,2167,1482,853,lean_forward,21,Male,65kg
332,1535,2163,1486,874,lean_forward,21,Male,65kg
333,1571,2160,1497,859,lean_forward,21,Male,65kg
334,1562,2175,1488,830,lean_forward,21,Male,65kg
335,1556,2166,1484,832,lean_forward,21,Male,65kg
336,1567,2175,1477,848,lean_forward,21,Male,65kg
337,1563,2177,1488,845,lean_forward,21,Male,65kg
338,1574,2174,1488,837,lean_forward,21,Male,65kg
339,1574,2187,1485,817,lean_forward,21,Male,65kg
340,1574,2171,1481,799,lean_forward,21,Male,65kg
341,1565,2171,1481,848,lean_forward,21,Male,65kg
342,1556,2180,1491,891,lean_forward,21,Male,65kg
343,1574,2177,1486,911,lean_forward,21,Male,65kg
344,1571,2169,1532,845,lean_forward,21,Male,65kg
345,1571,2163,1488,862,lean_forward,21,Male,65kg
346,1558,2174,1483,842,lean_forward,21,Male,65kg
347,1584,2169,1478,878,lean_forward,21,Male,65kg
348,1570,2171,1486,880,lean_forward,21,Male,65kg
349,1555,2173,1488,900,lean_forward,21,Male,65kg
350,1575,2176,1488,880,lean_forward,21,Male,65kg
351,1568,2162,1481,848,lean_forward,21,Male,65kg
352,1555,2167,1483,899,lean_forward,21,Male,65kg
353,1561,2168,1481,907,lean_forward,21,Male,65kg
354,1573,2166,1479,885,lean_forward,21,Male,65kg
355,1565,2177,1519,939,lean_forward,21,Male,65kg
356,1558,2157,1529,927,lean_forward,21,Male,65kg
357,1567,2167,1535,966,lean_forward,21,Male,65kg
358,1583,2169,1535,951,lean_forward,21,Male,65kg
359,1563,2164,1522,947,lean_forward,21,Male,65kg
360,1569,2174,1523,895,lean_forward,21,Male,65kg
361,1574,2160,1531,898,lean_forward,21,Male,65kg
362,1567,2157,1533,941,lean_forward,21,Male,65kg
363,1557,2167,1535,917,lean_forward,21,Male,65kg
364,1575,2170,1534,902,lean_forward,21,Male,65kg
365,1579,2160,1535,934,lean_forward,21,Male,65kg
366,1563,2160,1529,913,lean_forward,21,Male,65kg
367,1611,2176,1557,733,lean_forward,21,Male,65kg
368,1600,2176,1505,650,lean_forward,21,Male,65kg
369,1613,2177,1485,671,lean_forward,21,Male,65kg
370,1595,2189,1495,594,lean_forward,21,Male,65kg
371,1584,2172,1507,725,lean_forward,21,Male,65kg
372,1571,2160,1502,748,lean_forward,21,Male,65kg
373,1591,2169,1505,695,lean_forward,21,Male,65kg
374,1607,2198,1467,592,lean_forward,21,Male,65kg
375,1627,2178,1463,592,lean_forward,21,Male,65kg
376,1613,2160,1482,612,lean_forward,21,Male,65kg
377,1603,2189,1467,645,lean_forward,21,Male,65kg
378,1611,2184,1467,666,lean_forward,21,Male,65kg
379,1602,2172,1461,669,lean_forward,21,Male,65kg
380,1605,2188,1459,629,lean_forward,21,Male,65kg
381,1600,2196,1466,643,lean_forward,21,Male,65kg
382,1607,2186,1454,688,lean_forward,21,Male,65kg
383,1627,2176,1457,656,lean_forward,21,Male,65kg
384,1603,2175,1456,691,lean_forward,21,Male,65kg
385,1597,2175,1471,804,lean_forward,21,Male,65kg
386,1614,2178,1488,816,lean_forward,21,Male,65kg
387,1602,2178,1458,825,lean_forward,21,Male,65kg
388,1600,2187,1463,831,lean_forward,21,Male,65kg
389,1607,2189,1457,803,lean_forward,21,Male,65kg
390,1607,2181,1471,785,lean_forward,21,Male,65kg
391,1599,2187,1456,550,lean_forward,21,Male,65kg
392,1597,2172,1456,699,lean_forward,21,Male,65kg
393,1601,2167,1456,639,lean_forward,21,Male,65kg
394,1600,2171,1469,752,lean_forward,21,Male,65kg
395,1575,2174,1462,734,lean_forward,21,Male,65kg
396,1585,2161,1455,763,lean_forward,21,Male,65kg
397,1600,2167,1458,723,lean_forward,21,Male,65kg
398,1583,2159,1469,738,lean_forward,21,Male,65kg
399,1599,2158,1473,753,lean_forward,21,Male,65kg
400,1595,2166,1470,737,lean_forward,21,Male,65kg
401,1615,2173,1457,720,lean_forward,21,Male,65kg
402,1601,2158,1467,720,lean_forward,21,Male,65kg
403,1600,2166,1469,759,lean_forward,21,Male,65kg
404,1600,2166,1477,805,lean_forward,21,Male,65kg
405,1604,2163,1476,688,lean_forward,21,Male,65kg
406,1649,2235,1410,401,lean_forward,21,Male,65kg
407,2000,2375,989,304,lean_forward,21,Male,65kg
408,1623,2187,1297,498,lean_forward,21,Male,65kg
409,1584,2171,1377,1164,lean_forward,21,Male,65kg
410,1597,2235,1419,1099,lean_forward,21,Male,65kg
411,1607,2245,1402,1273,lean_forward,21,Male,65kg
412,1581,2253,1441,1361,lean_forward,21,Male,65kg
413,1580,2256,1450,1366,lean_forward,21,Male,65kg
414,1616,2268,1458,1136,lean_forward,21,Male,65kg
415,1635,2275,1478,1056,lean_forward,21,Male,65kg
416,1642,2263,1487,1115,lean_forward,21,Male,65kg
417,1648,2278,1475,1136,lean_forward,21,Male,65kg
418,1616,2264,1472,1167,lean_forward,21,Male,65kg
419,1986,2356,1562,626,lean_forward,21,Male,65kg
420,1585,2230,1730,1317,lean_forward,21,Male,65kg
421,1565,1997,1819,1321,lean_forward,21,Male,65kg
422,1606,2069,1857,1373,lean_forward,21,Male,65kg
423,1598,2153,1840,1335,lean_forward,21,Male,65kg
424,1603,2146,1841,1338,lean_forward,21,Male,65kg
425,1630,2145,1853,1341,lean_forward,21,Male,65kg
426,1590,2407,1749,997,lean_forward,21,Male,65kg
427,1675,2277,1644,1103,lean_forward,21,Male,65kg
428,1653,2257,1659,1229,lean_forward,21,Male,65kg
429,1639,2241,1691,1248,lean_forward,21,Male,65kg
430,1643,2249,1703,1269,lean_forward,21,Male,65kg
431,1648,2239,1705,1285,lean_forward,21,Male,65kg
432,1662,2251,1702,1294,lean_forward,21,Male,65kg
433,1629,2226,1713,1327,lean_forward,21,Male,65kg
434,1633,2240,1713,1296,lean_forward,21,Male,65kg
435,1649,2236,1719,1295,lean_forward,21,Male,65kg
436,1654,2237,1719,1318,lean_forward,21,Male,65kg
437,1639,2234,1728,1298,lean_forward,21,Male,65kg
438,1644,2234,1726,1311,lean_forward,21,Male,65kg
439,1667,2222,1730,1301,lean_forward,21,Male,65kg
440,1880,2265,1754,1337,lean_forward,21,Male,65kg
441,1735,2231,1875,1278,lean_forward,21,Male,65kg
442,1601,2250,1859,1324,lean_forward,21,Male,65kg
443,1601,2224,1882,1323,lean_forward,21,Male,65kg
444,1806,2249,1827,1330,lean_forward,21,Male,65kg
445,2064,2314,1911,752,lean_forward,21,Male,65kg
446,1671,2215,1919,915,lean_forward,21,Male,65kg
447,1647,2193,1897,1248,lean_forward,21,Male,65kg
448,1619,2192,1904,1322,lean_forward,21,Male,65kg
449,1631,2195,1936,1306,lean_forward,21,Male,65kg
450,1623,2190,1937,1310,lean_forward,21,Male,65kg
451,1639,2198,1939,1314,lean_forward,21,Male,65kg
452,1638,2198,1936,1293,lean_forward,21,Male,65kg
453,1628,2191,1939,1285,lean_forward,21,Male,65kg
454,1648,2214,1850,1274,lean_forward,21,Male,65kg
455,1641,2209,1879,1303,lean_forward,21,Male,65kg
456,1643,2224,1914,1296,lean_forward,21,Male,65kg
457,1658,2211,1867,1298,lean_forward,21,Male,65kg
458,1648,2204,1870,1303,lean_forward,21,Male,65kg
459,1653,2210,1875,1295,lean_forward,21,Male,65kg
460,1655,2210,1866,1292,lean_forward,21,Male,65kg
461,1657,2199,1861,1298,lean_forward,21,Male,65kg
462,1648,2209,1872,1280,lean_forward,21,Male,65kg
463,1651,2217,1873,1309,lean_forward,21,Male,65kg
464,1655,2209,1872,1313,lean_forward,21,Male,65kg
465,1658,2203,1875,1315,lean_forward,21,Male,65kg
466,1648,2213,1872,1296,lean_forward,21,Male,65kg
467,1657,2213,1885,1296,lean_forward,21,Male,65kg
468,2099,2297,1467,415,lean_forward,21,Male,65kg
469,2117,2315,1613,547,lean_forward,21,Male,65kg
470,2099,2269,1856,468,lean_forward,21,Male,65kg
471,2078,2256,1974,811,lean_forward,21,Male,65kg
472,1632,2247,1936,1021,lean_forward,21,Male,65kg
473,1635,2225,1959,1085,lean_forward,21,Male,65kg
474,1649,2239,1952,1088,lean_forward,21,Male,65kg
475,1665,2242,1965,1092,lean_forward,21,Male,65kg
476,1663,2239,1959,1102,lean_forward,21,Male,65kg
477,1666,2245,1968,1091,lean_forward,21,Male,65kg
478,1680,2255,1973,1107,lean_forward,21,Male,65kg
479,1950,2282,1957,879,lean_forward,21,Male,65kg
480,2192,2324,2000,706,lean_forward,21,Male,65kg
481,2202,2329,2014,784,lean_forward,21,Male,65kg
482,2208,2330,2019,733,lean_forward,21,Male,65kg
483,2160,2337,2017,746,lean_forward,21,Male,65kg
484,2138,2326,2031,798,lean_forward,21,Male,65kg
485,2165,2334,2030,724,lean_forward,21,Male,65kg
486,2170,2339,2023,741,lean_forward,21,Male,65kg
487,2165,2337,2032,691,lean_forward,21,Male,65kg
488,2169,2352,2039,727,lean_forward,21,Male,65kg
489,2178,2365,2054,736,lean_forward,21,Male,65kg
490,2172,2379,2031,739,lean_forward,21,Male,65kg
491,2155,2389,2038,758,lean_forward,21,Male,65kg
492,2156,2393,2047,803,lean_forward,21,Male,65kg
493,2165,2384,2041,837,lean_forward,21,Male,65kg
494,2191,2336,2045,833,lean_forward,21,Male,65kg
495,1684,2267,2032,855,lean_forward,21,Male,65kg
496,1675,2276,2038,929,lean_forward,21,Male,65kg
497,1674,2269,2028,972,lean_forward,21,Male,65kg
498,1688,2275,2022,974,lean_forward,21,Male,65kg
499,1695,2271,2057,978,lean_forward,21,Male,65kg
500,1712,2277,2043,976,lean_forward,21,Male,65kg
501,2061,2371,1339,823,lean_backward,21,Male,65kg
502,1410,1110,2067,1437,lean_backward,21,Male,65kg
503,1407,759,1879,1533,lean_backward,21,Male,65kg
504,1379,640,1725,1706,lean_backward,21,Male,65kg
505,1299,620,1783,1712,lean_backward,21,Male,65kg
506,1034,559,1815,1731,lean_backward,21,Male,65kg
507,1223,672,1734,1678,lean_backward,21,Male,65kg
508,1227,987,1742,1709,lean_backward,21,Male,65kg
509,1264,1244,1641,1626,lean_backward,21,Male,65kg
510,1280,1270,1616,1601,lean_backward,21,Male,65kg
511,1280,1275,1535,1615,lean_backward,21,Male,65kg
512,1283,1232,1518,1709,lean_backward,21,Male,65kg
513,1229,1293,1573,1582,lean_backward,21,Male,65kg
514,1087,1296,1597,1410,lean_backward,21,Male,65kg
515,1115,1316,1574,1584,lean_backward,21,Male,65kg
516,1102,1339,1526,1593,lean_backward,21,Male,65kg
517,1109,1370,1535,1658,lean_backward,21,Male,65kg
518,1126,1361,1535,1658,lean_backward,21,Male,65kg
519,1094,1376,1600,1697,lean_backward,21,Male,65kg
520,1106,1367,1657,1663,lean_backward,21,Male,65kg
521,1110,1395,1681,1810,lean_backward,21,Male,65kg
522,1115,1382,1680,1840,lean_backward,21,Male,65kg
523,1095,1401,1687,1785,lean_backward,21,Male,65kg
524,1089,1409,1710,1835,lean_backward,21,Male,65kg
525,1116,1401,1716,1902,lean_backward,21,Male,65kg
526,1114,1391,1728,1875,lean_backward,21,Male,65kg
527,1091,1392,1743,1886,lean_backward,21,Male,65kg
528,1121,1399,1721,1917,lean_backward,21,Male,65kg
529,1115,1405,1697,1872,lean_backward,21,Male,65kg
530,1123,1386,1733,1868,lean_backward,21,Male,65kg
531,1114,1394,1724,1858,lean_backward,21,Male,65kg
532,1130,1391,1697,1849,lean_backward,21,Male,65kg
533,1145,1402,1681,1826,lean_backward,21,Male,65kg
534,1136,1413,1696,1793,lean_backward,21,Male,65kg
535,1135,1408,1695,1842,lean_backward,21,Male,65kg
536,1145,1409,1712,1833,lean_backward,21,Male,65kg
537,1139,1425,1697,1853,lean_backward,21,Male,65kg
538,1108,1415,1710,1841,lean_backward,21,Male,65kg
539,1129,1455,1697,1829,lean_backward,21,Male,65kg
540,1151,1456,1735,1865,lean_backward,21,Male,65kg
541,1136,1451,1781,1868,lean_backward,21,Male,65kg
542,1139,1447,1750,1851,lean_backward,21,Male,65kg
543,1141,1456,1775,1835,lean_backward,21,Male,65kg
544,1146,1456,1744,1856,lean_backward,21,Male,65kg
545,1166,1401,1754,1911,lean_backward,21,Male,65kg
546,1171,1456,1754,1931,lean_backward,21,Male,65kg
547,1184,1413,1757,1934,lean_backward,21,Male,65kg
548,1179,1408,1753,1951,lean_backward,21,Male,65kg
549,1168,1411,1758,1947,lean_backward,21,Male,65kg
550,1174,1429,1760,1936,lean_backward,21,Male,65kg
551,1183,1456,1751,1933,lean_backward,21,Male,65kg
552,1195,1453,1754,1922,lean_backward,21,Male,65kg
553,1181,1438,1744,1909,lean_backward,21,Male,65kg
554,1195,1447,1739,1922,lean_backward,21,Male,65kg
555,1210,1451,1726,1914,lean_backward,21,Male,65kg
556,1187,1447,1746,1917,lean_backward,21,Male,65kg
557,1195,1438,1741,1929,lean_backward,21,Male,65kg
558,1199,1422,1744,1929,lean_backward,21,Male,65kg
559,1191,1422,1761,1957,lean_backward,21,Male,65kg
560,1199,1415,1762,1947,lean_backward,21,Male,65kg
561,1209,1375,1755,1946,lean_backward,21,Male,65kg
562,1198,1381,1754,1941,lean_backward,21,Male,65kg
563,1195,1424,1749,1946,lean_backward,21,Male,65kg
564,1195,1394,1748,1936,lean_backward,21,Male,65kg
565,1197,1471,1770,1957,lean_backward,21,Male,65kg
566,1187,1485,1767,1963,lean_backward,21,Male,65kg
567,1190,1478,1776,1968,lean_backward,21,Male,65kg
568,1161,1390,1789,1968,lean_backward,21,Male,65kg
569,1169,1390,1789,1951,lean_backward,21,Male,65kg
570,1183,1391,1802,1970,lean_backward,21,Male,65kg
571,1163,1393,1789,1968,lean_backward,21,Male,65kg
572,1186,1405,1797,1992,lean_backward,21,Male,65kg
573,1186,1389,1809,1968,lean_backward,21,Male,65kg
574,1183,1392,1808,1983,lean_backward,21,Male,65kg
575,1167,1398,1796,1981,lean_backward,21,Male,65kg
576,1198,1392,1817,1997,lean_backward,21,Male,65kg
577,1181,1409,1817,2000,lean_backward,21,Male,65kg
578,1191,1391,1811,1984,lean_backward,21,Male,65kg
579,1186,1393,1818,2005,lean_backward,21,Male,65kg
580,1199,1411,1819,1999,lean_backward,21,Male,65kg
581,1207,1401,1826,1998,lean_backward,21,Male,65kg
582,1193,1392,1824,1974,lean_backward,21,Male,65kg
583,1201,1380,1830,1970,lean_backward,21,Male,65kg
584,1203,1374,1827,1971,lean_backward,21,Male,65kg
585,1195,1396,1823,1968,lean_backward,21,Male,65kg
586,1197,1389,1815,1936,lean_backward,21,Male,65kg
587,1200,1387,1815,1951,lean_backward,21,Male,65kg
588,1211,1379,1810,1945,lean_backward,21,Male,65kg
589,1205,1386,1827,1936,lean_backward,21,Male,65kg
590,1198,1386,1822,1938,lean_backward,21,Male,65kg
591,1201,1375,1817,1885,lean_backward,21,Male,65kg
592,1191,1367,1821,1890,lean_backward,21,Male,65kg
593,1190,1386,1823,1903,lean_backward,21,Male,65kg
594,1206,1385,1822,1904,lean_backward,21,Male,65kg
595,1210,1377,1828,1922,lean_backward,21,Male,65kg
596,1207,1385,1833,1921,lean_backward,21,Male,65kg
597,1200,1395,1843,1948,lean_backward,21,Male,65kg
598,1189,1398,1858,1955,lean_backward,21,Male,65kg
599,1188,1443,1818,1950,lean_backward,21,Male,65kg
600,1205,1425,1834,1919,lean_backward,21,Male,65kg
601,1206,1461,1826,1937,lean_backward,21,Male,65kg
602,1187,1456,1826,1852,lean_backward,21,Male,65kg
603,1207,1322,1806,1885,lean_backward,21,Male,65kg
604,1206,1338,1785,1860,lean_backward,21,Male,65kg
605,1200,1339,1810,1854,lean_backward,21,Male,65kg
606,1213,1337,1822,1860,lean_backward,21,Male,65kg
607,1207,1360,1791,1831,lean_backward,21,Male,65kg
608,1194,1349,1802,1783,lean_backward,21,Male,65kg
609,1202,1338,1765,1834,lean_backward,21,Male,65kg
610,1214,1343,1750,1808,lean_backward,21,Male,65kg
611,1187,1350,1758,1779,lean_backward,21,Male,65kg
612,1219,1349,1792,1776,lean_backward,21,Male,65kg
613,1248,1329,1787,1782,lean_backward,21,Male,65kg
614,1226,1335,1805,1795,lean_backward,21,Male,65kg
615,1216,1352,1808,1819,lean_backward,21,Male,65kg
616,1223,1362,1781,1805,lean_backward,21,Male,65kg
617,1231,1375,1779,1821,lean_backward,21,Male,65kg
618,1221,1360,1807,1840,lean_backward,21,Male,65kg
619,1207,1359,1789,1840,lean_backward,21,Male,65kg
620,1222,1366,1805,1862,lean_backward,21,Male,65kg
621,1231,1370,1790,1864,lean_backward,21,Male,65kg
622,1203,1342,1795,1831,lean_backward,21,Male,65kg
623,1217,1361,1808,1841,lean_backward,21,Male,65kg
624,1237,1338,1798,1850,lean_backward,21,Male,65kg
625,1234,1354,1802,1811,lean_backward,21,Male,65kg
626,1223,1344,1798,1820,lean_backward,21,Male,65kg
627,1205,1344,1835,1862,lean_backward,21,Male,65kg
628,1216,1341,1835,1827,lean_backward,21,Male,65kg
629,1199,1331,1843,1853,lean_backward,21,Male,65kg
630,1211,1337,1861,1840,lean_backward,21,Male,65kg
631,1216,1321,1847,1836,lean_backward,21,Male,65kg
632,1200,1317,1854,1849,lean_backward,21,Male,65kg
633,1186,1341,1834,1830,lean_backward,21,Male,65kg
634,1201,1337,1840,1838,lean_backward,21,Male,65kg
635,1157,1313,1840,1821,lean_backward,21,Male,65kg
636,1169,1311,1840,1821,lean_backward,21,Male,65kg
637,1168,1321,1803,1839,lean_backward,21,Male,65kg
638,1186,1315,1809,1808,lean_backward,21,Male,65kg
639,1157,1303,1807,1829,lean_backward,21,Male,65kg
640,1179,1305,1840,1819,lean_backward,21,Male,65kg
641,1165,1326,1842,1831,lean_backward,21,Male,65kg
642,1189,1317,1845,1850,lean_backward,21,Male,65kg
643,1183,1308,1844,1841,lean_backward,21,Male,65kg
644,1172,1327,1856,1835,lean_backward,21,Male,65kg
645,1191,1328,1857,1813,lean_backward,21,Male,65kg
646,1195,1341,1863,1808,lean_backward,21,Male,65kg
647,1199,1335,1863,1808,lean_backward,21,Male,65kg
648,1168,1334,1853,1822,lean_backward,21,Male,65kg
649,1185,1350,1898,1808,lean_backward,21,Male,65kg
650,1200,1360,1904,1789,lean_backward,21,Male,65kg
651,1205,1355,1906,1696,lean_backward,21,Male,65kg
652,1200,1351,1905,1726,lean_backward,21,Male,65kg
653,1216,1349,1905,1732,lean_backward,21,Male,65kg
654,1214,1351,1908,1721,lean_backward,21,Male,65kg
655,1186,1355,1897,1779,lean_backward,21,Male,65kg
656,1206,1348,1904,1786,lean_backward,21,Male,65kg
657,1220,1350,1905,1858,lean_backward,21,Male,65kg
658,1200,1358,1914,1893,lean_backward,21,Male,65kg
659,1187,1360,1910,1824,lean_backward,21,Male,65kg
660,1222,1360,1891,1782,lean_backward,21,Male,65kg
661,1209,1371,1885,1811,lean_backward,21,Male,65kg
662,1186,1366,1907,1798,lean_backward,21,Male,65kg
663,1198,1365,1881,1811,lean_backward,21,Male,65kg
664,1204,1370,1879,1717,lean_backward,21,Male,65kg
665,1203,1351,1904,1701,lean_backward,21,Male,65kg
666,1209,1378,1924,1678,lean_backward,21,Male,65kg
667,1195,1365,1917,1678,lean_backward,21,Male,65kg
668,1216,1363,1914,1625,lean_backward,21,Male,65kg
669,1207,1375,1915,1687,lean_backward,21,Male,65kg
670,1199,1396,1930,1690,lean_backward,21,Male,65kg
671,1208,1424,1913,1602,lean_backward,21,Male,65kg
672,1216,1430,1904,1630,lean_backward,21,Male,65kg
673,1200,1446,1904,1722,lean_backward,21,Male,65kg
674,1215,1439,1915,1679,lean_backward,21,Male,65kg
675,1200,1429,1905,1670,lean_backward,21,Male,65kg
676,1211,1418,1898,1642,lean_backward,21,Male,65kg
677,1207,1414,1902,1607,lean_backward,21,Male,65kg
678,1215,1427,1887,1634,lean_backward,21,Male,65kg
679,1216,1430,1904,1628,lean_backward,21,Male,65kg
680,1195,1425,1931,1627,lean_backward,21,Male,65kg
681,1162,1399,1912,1654,lean_backward,21,Male,65kg
682,1200,1408,1938,1667,lean_backward,21,Male,65kg
683,1199,1424,1943,1680,lean_backward,21,Male,65kg
684,1203,1408,1947,1648,lean_backward,21,Male,65kg
685,1198,1424,1951,1635,lean_backward,21,Male,65kg
686,1203,1423,1942,1639,lean_backward,21,Male,65kg
687,1200,1434,1955,1631,lean_backward,21,Male,65kg
688,1205,1439,1950,1610,lean_backward,21,Male,65kg
689,1209,1435,1951,1613,lean_backward,21,Male,65kg
690,1211,1439,1959,1584,lean_backward,21,Male,65kg
691,1203,1447,1944,1615,lean_backward,21,Male,65kg
692,1213,1450,1949,1628,lean_backward,21,Male,65kg
693,1200,1451,1957,1596,lean_backward,21,Male,65kg
694,1199,1444,1940,1659,lean_backward,21,Male,65kg
695,1205,1454,1939,1680,lean_backward,21,Male,65kg
696,1200,1456,1943,1695,lean_backward,21,Male,65kg
697,1207,1435,1937,1711,lean_backward,21,Male,65kg
698,1201,1433,1939,1691,lean_backward,21,Male,65kg
699,1190,1450,1947,1649,lean_backward,21,Male,65kg
700,1182,1443,1945,1675,lean_backward,21,Male,65kg
701,1213,1431,1953,1685,lean_backward,21,Male,65kg
702,1187,1454,1949,1664,lean_backward,21,Male,65kg
703,1189,1458,1963,1754,lean_backward,21,Male,65kg
704,1217,1456,1948,1749,lean_backward,21,Male,65kg
705,1207,1445,1947,1774,lean_backward,21,Male,65kg
706,1195,1456,1938,1783,lean_backward,21,Male,65kg
707,1194,1461,1949,1738,lean_backward,21,Male,65kg
708,1226,1456,1946,1701,lean_backward,21,Male,65kg
709,1214,1452,1941,1711,lean_backward,21,Male,65kg
710,1199,1450,1941,1721,lean_backward,21,Male,65kg
711,1220,1453,1951,1694,lean_backward,21,Male,65kg
712,1212,1449,1945,1704,lean_backward,21,Male,65kg
713,1205,1442,1942,1706,lean_backward,21,Male,65kg
714,1184,1437,1936,1732,lean_backward,21,Male,65kg
715,1204,1447,1938,1702,lean_backward,21,Male,65kg
716,1225,1436,1918,1703,lean_backward,21,Male,65kg
717,1214,1447,1921,1699,lean_backward,21,Male,65kg
718,1213,1443,1918,1691,lean_backward,21,Male,65kg
719,1211,1453,1920,1703,lean_backward,21,Male,65kg
720,1203,1453,1922,1712,lean_backward,21,Male,65kg
721,1201,1455,1936,1711,lean_backward,21,Male,65kg
722,1203,1456,1933,1727,lean_backward,21,Male,65kg
723,1210,1454,1929,1807,lean_backward,21,Male,65kg
724,1211,1451,1922,1805,lean_backward,21,Male,65kg
725,1212,1477,1917,1776,lean_backward,21,Male,65kg
726,1217,1467,1911,1767,lean_backward,21,Male,65kg
727,1200,1455,1924,1789,lean_backward,21,Male,65kg
728,1189,1446,1921,1757,lean_backward,21,Male,65kg
729,1200,1453,1917,1759,lean_backward,21,Male,65kg
730,1197,1461,1934,1778,lean_backward,21,Male,65kg
731,1200,1456,1909,1777,lean_backward,21,Male,65kg
732,1195,1452,1936,1735,lean_backward,21,Male,65kg
733,1211,1455,1940,1584,lean_backward,21,Male,65kg
734,1193,1443,1947,1614,lean_backward,21,Male,65kg
735,1205,1456,1943,1665,lean_backward,21,Male,65kg
736,1162,1434,1907,1650,lean_backward,21,Male,65kg
737,1181,1445,1952,1650,lean_backward,21,Male,65kg
738,1168,1450,1951,1613,lean_backward,21,Male,65kg
739,1182,1431,1936,1623,lean_backward,21,Male,65kg
740,1185,1442,1949,1648,lean_backward,21,Male,65kg
741,1199,1438,1935,1664,lean_backward,21,Male,65kg
742,1203,1434,1930,1666,lean_backward,21,Male,65kg
743,1184,1438,1941,1674,lean_backward,21,Male,65kg
744,1163,1435,1950,1680,lean_backward,21,Male,65kg
745,1189,1437,1946,1695,lean_backward,21,Male,65kg
746,1203,1425,1944,1707,lean_backward,21,Male,65kg
747,1198,1443,1949,1699,lean_backward,21,Male,65kg
748,1204,1435,1954,1708,lean_backward,21,Male,65kg
749,1219,1435,1950,1724,lean_backward,21,Male,65kg
750,1202,1440,1949,1687,lean_backward,21,Male,65kg
751,1203,1442,1967,1714,lean_left,21,Male,65kg
752,0,2173,1847,1445,lean_left,21,Male,65kg
753,1143,1008,2148,1807,lean_left,21,Male,65kg
754,2032,0,2967,0,lean_left,21,Male,65kg
755,2118,0,3008,0,lean_left,21,Male,65kg
756,2014,0,2949,0,lean_left,21,Male,65kg
757,1885,0,2978,0,lean_left,21,Male,65kg
758,1988,0,2926,213,lean_left,21,Male,65kg
759,2005,0,2879,166,lean_left,21,Male,65kg
760,2033,0,2899,235,lean_left,21,Male,65kg
761,2058,0,2887,299,lean_left,21,Male,65kg
762,2034,0,2909,274,lean_left,21,Male,65kg
763,2033,0,2918,212,lean_left,21,Male,65kg
764,2159,0,2640,187,lean_left,21,Male,65kg
765,2209,0,2619,269,lean_left,21,Male,65kg
766,2032,0,2724,594,lean_left,21,Male,65kg
767,1950,0,2709,787,lean_left,21,Male,65kg
768,1945,0,2746,720,lean_left,21,Male,65kg
769,1899,0,2798,611,lean_left,21,Male,65kg
770,1883,0,2827,777,lean_left,21,Male,65kg
771,1919,0,2736,773,lean_left,21,Male,65kg
772,1818,0,2743,783,lean_left,21,Male,65kg
773,1811,0,2762,782,lean_left,21,Male,65kg
774,1790,0,2741,688,lean_left,21,Male,65kg
775,1853,0,2722,727,lean_left,21,Male,65kg
776,1840,0,2734,670,lean_left,21,Male,65kg
777,1815,0,2730,682,lean_left,21,Male,65kg
778,1831,0,2721,750,lean_left,21,Male,65kg
779,1778,0,2793,697,lean_left,21,Male,65kg
780,1840,0,2798,669,lean_left,21,Male,65kg
781,1869,0,2832,511,lean_left,21,Male,65kg
782,1494,0,2814,737,lean_left,21,Male,65kg
783,1433,0,2800,722,lean_left,21,Male,65kg
784,1407,0,2843,720,lean_left,21,Male,65kg
785,1403,0,2730,714,lean_left,21,Male,65kg
786,1386,0,2746,748,lean_left,21,Male,65kg
787,1322,0,2756,699,lean_left,21,Male,65kg
788,1325,0,2819,666,lean_left,21,Male,65kg
789,1619,0,2852,509,lean_left,21,Male,65kg
790,1713,0,2838,407,lean_left,21,Male,65kg
791,1771,0,2851,385,lean_left,21,Male,65kg
792,1761,0,2858,464,lean_left,21,Male,65kg
793,1787,0,2848,495,lean_left,21,Male,65kg
794,1791,0,2852,509,lean_left,21,Male,65kg
795,1758,0,2846,461,lean_left,21,Male,65kg
796,1712,0,2859,528,lean_left,21,Male,65kg
797,1589,0,2883,561,lean_left,21,Male,65kg
798,1580,0,2864,592,lean_left,21,Male,65kg
799,1467,0,2857,660,lean_left,21,Male,65kg
800,1456,0,2863,691,lean_left,21,Male,65kg
801,1473,0,2863,680,lean_left,21,Male,65kg
802,1470,0,2864,647,lean_left,21,Male,65kg
803,1446,0,2865,641,lean_left,21,Male,65kg
804,1447,0,2857,643,lean_left,21,Male,65kg
805,1458,0,2856,624,lean_left,21,Male,65kg
806,1575,0,2871,535,lean_left,21,Male,65kg
807,1535,0,2879,636,lean_left,21,Male,65kg
808,1564,0,2864,633,lean_left,21,Male,65kg
809,1535,0,2865,608,lean_left,21,Male,65kg
810,1565,0,2875,613,lean_left,21,Male,65kg
811,1555,0,2870,624,lean_left,21,Male,65kg
812,1567,0,2863,616,lean_left,21,Male,65kg
813,1584,0,2864,623,lean_left,21,Male,65kg
814,1575,0,2868,621,lean_left,21,Male,65kg
815,1571,0,2864,622,lean_left,21,Male,65kg
816,1531,0,2862,675,lean_left,21,Male,65kg
817,1516,0,2865,723,lean_left,21,Male,65kg
818,1490,0,2865,715,lean_left,21,Male,65kg
819,1482,0,2867,730,lean_left,21,Male,65kg
820,1494,0,2860,707,lean_left,21,Male,65kg
821,1490,0,2861,687,lean_left,21,Male,65kg
822,1458,0,2874,688,lean_left,21,Male,65kg
823,1425,0,2873,717,lean_left,21,Male,65kg
824,1442,0,2874,655,lean_left,21,Male,65kg
825,1424,0,2866,625,lean_left,21,Male,65kg
826,1408,0,2864,649,lean_left,21,Male,65kg
827,1409,0,2864,670,lean_left,21,Male,65kg
828,1412,0,2864,681,lean_left,21,Male,65kg
829,1411,0,2861,686,lean_left,21,Male,65kg
830,1424,0,2864,693,lean_left,21,Male,65kg
831,1439,0,2858,718,lean_left,21,Male,65kg
832,1424,0,2857,707,lean_left,21,Male,65kg
833,1433,0,2861,709,lean_left,21,Male,65kg
834,1438,0,2859,709,lean_left,21,Male,65kg
835,1451,0,2864,707,lean_left,21,Male,65kg
836,1426,0,2865,717,lean_left,21,Male,65kg
837,1437,0,2864,688,lean_left,21,Male,65kg
838,1443,0,2866,714,lean_left,21,Male,65kg
839,1515,0,2883,709,lean_left,21,Male,65kg
840,1517,0,2878,739,lean_left,21,Male,65kg
841,1460,0,2874,722,lean_left,21,Male,65kg
842,1424,0,2759,767,lean_left,21,Male,65kg
843,1407,0,2781,753,lean_left,21,Male,65kg
844,1392,0,2774,761,lean_left,21,Male,65kg
845,1358,0,2771,739,lean_left,21,Male,65kg
846,1375,0,2791,720,lean_left,21,Male,65kg
847,1381,0,2787,704,lean_left,21,Male,65kg
848,1374,0,2735,722,lean_left,21,Male,65kg
849,1379,0,2763,659,lean_left,21,Male,65kg
850,1386,0,2736,675,lean_left,21,Male,65kg
851,1393,0,2747,663,lean_left,21,Male,65kg
852,1410,0,2765,655,lean_left,21,Male,65kg
853,1407,0,2767,658,lean_left,21,Male,65kg
854,1395,0,2754,638,lean_left,21,Male,65kg
855,1415,0,2832,634,lean_left,21,Male,65kg
856,1463,0,2823,688,lean_left,21,Male,65kg
857,1440,0,2809,686,lean_left,21,Male,65kg
858,1482,0,2810,682,lean_left,21,Male,65kg
859,1472,0,2805,671,lean_left,21,Male,65kg
860,1471,0,2805,686,lean_left,21,Male,65kg
861,1480,0,2803,692,lean_left,21,Male,65kg
862,1481,0,2812,673,lean_left,21,Male,65kg
863,1477,0,2807,674,lean_left,21,Male,65kg
864,1487,0,2812,713,lean_left,21,Male,65kg
865,1483,0,2805,702,lean_left,21,Male,65kg
866,1473,0,2783,752,lean_left,21,Male,65kg
867,1456,0,2804,704,lean_left,21,Male,65kg
868,1472,0,2813,663,lean_left,21,Male,65kg
869,1466,0,2787,635,lean_left,21,Male,65kg
870,1483,0,2784,661,lean_left,21,Male,65kg
871,1447,0,2768,607,lean_left,21,Male,65kg
872,1456,0,2792,621,lean_left,21,Male,65kg
873,1456,0,2781,611,lean_left,21,Male,65kg
874,1483,0,2774,631,lean_left,21,Male,65kg
875,1399,0,2685,705,lean_left,21,Male,65kg
876,1427,0,2718,467,lean_left,21,Male,65kg
877,1431,0,2736,450,lean_left,21,Male,65kg
878,1414,0,2751,487,lean_left,21,Male,65kg
879,1420,0,2735,534,lean_left,21,Male,65kg
880,1401,0,2726,560,lean_left,21,Male,65kg
881,1307,0,2716,585,lean_left,21,Male,65kg
882,1337,0,2730,605,lean_left,21,Male,65kg
883,1287,0,2719,539,lean_left,21,Male,65kg
884,1360,0,2707,579,lean_left,21,Male,65kg
885,1340,0,2711,555,lean_left,21,Male,65kg
886,1351,0,2706,592,lean_left,21,Male,65kg
887,1573,0,2768,451,lean_left,21,Male,65kg
888,1488,0,2730,494,lean_left,21,Male,65kg
889,1488,0,2755,541,lean_left,21,Male,65kg
890,1461,0,2761,570,lean_left,21,Male,65kg
891,1578,0,2768,486,lean_left,21,Male,65kg
892,1414,0,2829,589,lean_left,21,Male,65kg
893,1391,0,2727,592,lean_left,21,Male,65kg
894,1380,0,2738,595,lean_left,21,Male,65kg
895,1346,0,2726,606,lean_left,21,Male,65kg
896,1343,0,2755,592,lean_left,21,Male,65kg
897,1319,0,2721,555,lean_left,21,Male,65kg
898,1319,0,2704,568,lean_left,21,Male,65kg
899,1301,0,2703,528,lean_left,21,Male,65kg
900,1282,0,2704,554,lean_left,21,Male,65kg
901,1317,0,2928,626,lean_left,21,Male,65kg
902,656,2452,0,2365,lean_left,21,Male,65kg
903,386,2429,0,2521,lean_left,21,Male,65kg
904,591,2398,444,2293,lean_left,21,Male,65kg
905,1431,0,3024,0,lean_left,21,Male,65kg
906,1752,0,2988,0,lean_left,21,Male,65kg
907,2243,0,2605,0,lean_left,21,Male,65kg
908,1296,0,2348,266,lean_left,21,Male,65kg
909,1479,0,2213,237,lean_left,21,Male,65kg
910,1374,0,2304,202,lean_left,21,Male,65kg
911,1369,0,2362,211,lean_left,21,Male,65kg
912,1338,0,2327,333,lean_left,21,Male,65kg
913,1344,0,2368,318,lean_left,21,Male,65kg
914,1395,0,2356,594,lean_left,21,Male,65kg
915,1375,0,2223,636,lean_left,21,Male,65kg
916,1355,0,2222,689,lean_left,21,Male,65kg
917,1327,0,2175,741,lean_left,21,Male,65kg
918,1351,0,2207,757,lean_left,21,Male,65kg
919,1310,0,2205,731,lean_left,21,Male,65kg
920,1345,0,2243,759,lean_left,21,Male,65kg
921,1319,0,2255,799,lean_left,21,Male,65kg
922,1429,0,2463,347,lean_left,21,Male,65kg
923,1712,0,2430,267,lean_left,21,Male,65kg
924,1438,0,2482,330,lean_left,21,Male,65kg
925,1359,0,2448,333,lean_left,21,Male,65kg
926,1392,0,2419,345,lean_left,21,Male,65kg
927,1374,0,2416,303,lean_left,21,Male,65kg
928,1392,0,2394,336,lean_left,21,Male,65kg
929,1390,0,2415,272,lean_left,21,Male,65kg
930,1420,0,2404,285,lean_left,21,Male,65kg
931,1418,0,2437,303,lean_left,21,Male,65kg
932,1426,0,2414,291,lean_left,21,Male,65kg
933,1425,0,2431,354,lean_left,21,Male,65kg
934,1417,0,2432,342,lean_left,21,Male,65kg
935,1392,0,2448,382,lean_left,21,Male,65kg
936,1392,0,2438,418,lean_left,21,Male,65kg
937,1409,0,2435,411,lean_left,21,Male,65kg
938,1392,0,2432,429,lean_left,21,Male,65kg
939,1378,0,2426,495,lean_left,21,Male,65kg
940,1387,0,2428,521,lean_left,21,Male,65kg
941,1392,0,2426,482,lean_left,21,Male,65kg
942,1366,0,2422,468,lean_left,21,Male,65kg
943,1353,0,2438,481,lean_left,21,Male,65kg
944,1322,0,2461,482,lean_left,21,Male,65kg
945,1333,0,2448,493,lean_left,21,Male,65kg
946,1312,0,2448,511,lean_left,21,Male,65kg
947,1307,0,2457,559,lean_left,21,Male,65kg
948,1358,0,2451,563,lean_left,21,Male,65kg
949,1353,0,2446,563,lean_left,21,Male,65kg
950,1361,0,2462,592,lean_left,21,Male,65kg
951,1360,0,2449,549,lean_left,21,Male,65kg
952,1381,0,2487,446,lean_left,21,Male,65kg
953,1403,0,2495,539,lean_left,21,Male,65kg
954,1388,0,2496,525,lean_left,21,Male,65kg
955,1415,0,2485,511,lean_left,21,Male,65kg
956,1392,0,2503,485,lean_left,21,Male,65kg
957,1397,0,2481,485,lean_left,21,Male,65kg
958,1375,0,2480,471,lean_left,21,Male,65kg
959,1405,0,2480,502,lean_left,21,Male,65kg
960,1403,0,2486,498,lean_left,21,Male,65kg
961,1397,0,2494,526,lean_left,21,Male,65kg
962,1374,0,2483,484,lean_left,21,Male,65kg
963,1371,0,2473,479,lean_left,21,Male,65kg
964,1374,0,2480,487,lean_left,21,Male,65kg
965,1684,0,2461,302,lean_left,21,Male,65kg
966,1557,0,2514,545,lean_left,21,Male,65kg
967,1568,0,2515,535,lean_left,21,Male,65kg
968,1623,0,2537,490,lean_left,21,Male,65kg
969,1535,0,2547,500,lean_left,21,Male,65kg
970,1567,0,2559,534,lean_left,21,Male,65kg
971,1602,0,2559,486,lean_left,21,Male,65kg
972,1740,0,2502,387,lean_left,21,Male,65kg
973,1393,0,2595,523,lean_left,21,Male,65kg
974,1348,0,2495,597,lean_left,21,Male,65kg
975,1352,0,2498,430,lean_left,21,Male,65kg
976,1362,0,2463,407,lean_left,21,Male,65kg
977,1341,0,2497,471,lean_left,21,Male,65kg
978,1441,0,2496,406,lean_left,21,Male,65kg
979,1399,0,2499,437,lean_left,21,Male,65kg
980,1387,0,2483,546,lean_left,21,Male,65kg
981,1445,0,2462,530,lean_left,21,Male,65kg
982,1534,0,2493,386,lean_left,21,Male,65kg
983,1904,0,2694,309,lean_left,21,Male,65kg
984,1840,0,2850,290,lean_left,21,Male,65kg
985,1941,0,2850,373,lean_left,21,Male,65kg
986,1923,0,2843,432,lean_left,21,Male,65kg
987,1963,0,2768,549,lean_left,21,Male,65kg
988,1965,0,2766,527,lean_left,21,Male,65kg
989,1959,0,2759,465,lean_left,21,Male,65kg
990,1936,0,2767,628,lean_left,21,Male,65kg
991,1947,0,2759,577,lean_left,21,Male,65kg
992,1956,0,2767,622,lean_left,21,Male,65kg
993,1958,0,2763,675,lean_left,21,Male,65kg
994,1952,0,2768,624,lean_left,21,Male,65kg
995,1947,0,2779,659,lean_left,21,Male,65kg
996,1966,0,2779,647,lean_left,21,Male,65kg
997,1954,0,2784,655,lean_left,21,Male,65kg
998,1955,0,2776,429,lean_left,21,Male,65kg
999,1968,0,2813,539,lean_left,21,Male,65kg
1000,1781,0,2918,656,lean_left,21,Male,65kg
1001,1189,2163,945,2116,lean_right,21,Male,65kg
1002,110,2097,0,2878,lean_right,21,Male,65kg
1003,0,1908,0,2893,lean_right,21,Male,65kg
1004,70,1943,0,2923,lean_right,21,Male,65kg
1005,60,2171,0,2792,lean_right,21,Male,65kg
1006,102,2193,0,2786,lean_right,21,Male,65kg
1007,102,2411,0,2782,lean_right,21,Male,65kg
1008,0,2226,0,2822,lean_right,21,Male,65kg
1009,0,1991,0,2799,lean_right,21,Male,65kg
1010,0,2306,0,2736,lean_right,21,Male,65kg
1011,0,2735,0,2480,lean_right,21,Male,65kg
1012,0,2545,0,2608,lean_right,21,Male,65kg
1013,168,2509,0,2622,lean_right,21,Male,65kg
1014,158,2366,0,2745,lean_right,21,Male,65kg
1015,221,2311,0,2858,lean_right,21,Male,65kg
1016,223,2384,0,2835,lean_right,21,Male,65kg
1017,157,2403,0,2841,lean_right,21,Male,65kg
1018,378,2109,0,2832,lean_right,21,Male,65kg
1019,382,2147,0,2832,lean_right,21,Male,65kg
1020,361,2192,0,2811,lean_right,21,Male,65kg
1021,322,2227,0,2811,lean_right,21,Male,65kg
1022,320,2251,0,2812,lean_right,21,Male,65kg
1023,311,2251,0,2801,lean_right,21,Male,65kg
1024,307,2260,0,2810,lean_right,21,Male,65kg
1025,295,2265,0,2797,lean_right,21,Male,65kg
1026,277,2284,0,2802,lean_right,21,Male,65kg
1027,286,2288,0,2796,lean_right,21,Male,65kg
1028,272,2294,0,2805,lean_right,21,Male,65kg
1029,263,2265,0,2781,lean_right,21,Male,65kg
1030,245,2256,0,2841,lean_right,21,Male,65kg
1031,294,2260,0,2833,lean_right,21,Male,65kg
1032,287,2269,0,2818,lean_right,21,Male,65kg
1033,313,2265,0,2829,lean_right,21,Male,65kg
1034,304,2274,0,2833,lean_right,21,Male,65kg
1035,322,2256,0,2826,lean_right,21,Male,65kg
1036,311,2256,0,2819,lean_right,21,Male,65kg
1037,307,2258,0,2826,lean_right,21,Male,65kg
1038,346,2283,0,2827,lean_right,21,Male,65kg
1039,331,2270,0,2832,lean_right,21,Male,65kg
1040,340,2282,0,2832,lean_right,21,Male,65kg
1041,345,2279,0,2832,lean_right,21,Male,65kg
1042,351,2295,0,2825,lean_right,21,Male,65kg
1043,368,2293,0,2826,lean_right,21,Male,65kg
1044,386,2272,0,2831,lean_right,21,Male,65kg
1045,355,2284,0,2843,lean_right,21,Male,65kg
1046,370,2289,0,2839,lean_right,21,Male,65kg
1047,354,2289,0,2829,lean_right,21,Male,65kg
1048,333,2290,0,2830,lean_right,21,Male,65kg
1049,321,2291,0,2830,lean_right,21,Male,65kg
1050,329,2320,0,2819,lean_right,21,Male,65kg
1051,304,2321,0,2831,lean_right,21,Male,65kg
1052,311,2329,0,2815,lean_right,21,Male,65kg
1053,272,2293,0,2829,lean_right,21,Male,65kg
1054,225,2435,0,2859,lean_right,21,Male,65kg
1055,179,2557,0,2875,lean_right,21,Male,65kg
1056,221,2305,0,2866,lean_right,21,Male,65kg
1057,208,2198,0,2849,lean_right,21,Male,65kg
1058,222,2182,0,2859,lean_right,21,Male,65kg
1059,223,2191,0,2867,lean_right,21,Male,65kg
1060,217,2177,0,2861,lean_right,21,Male,65kg
1061,216,2186,0,2860,lean_right,21,Male,65kg
1062,214,2193,0,2853,lean_right,21,Male,65kg
1063,235,2193,0,2860,lean_right,21,Male,65kg
1064,228,2207,0,2855,lean_right,21,Male,65kg
1065,233,2224,0,2846,lean_right,21,Male,65kg
1066,222,2215,0,2854,lean_right,21,Male,65kg
1067,231,2214,0,2859,lean_right,21,Male,65kg
1068,240,2224,0,2862,lean_right,21,Male,65kg
1069,216,2234,0,2861,lean_right,21,Male,65kg
1070,238,2211,0,2847,lean_right,21,Male,65kg
1071,227,2206,0,2850,lean_right,21,Male,65kg
1072,208,2202,0,2845,lean_right,21,Male,65kg
1073,217,2206,0,2862,lean_right,21,Male,65kg
1074,211,2211,0,2844,lean_right,21,Male,65kg
1075,219,2196,0,2855,lean_right,21,Male,65kg
1076,218,2178,0,2842,lean_right,21,Male,65kg
1077,218,2202,0,2832,lean_right,21,Male,65kg
1078,234,2192,0,2782,lean_right,21,Male,65kg
1079,231,2197,0,2801,lean_right,21,Male,65kg
1080,227,2199,0,2858,lean_right,21,Male,65kg
1081,233,2205,0,2848,lean_right,21,Male,65kg
1082,218,2214,0,2854,lean_right,21,Male,65kg
1083,228,2192,0,2846,lean_right,21,Male,65kg
1084,230,2207,0,2847,lean_right,21,Male,65kg
1085,218,2211,0,2864,lean_right,21,Male,65kg
1086,223,2208,0,2865,lean_right,21,Male,65kg
1087,234,2196,0,2864,lean_right,21,Male,65kg
1088,244,2192,0,2863,lean_right,21,Male,65kg
1089,241,2224,0,2854,lean_right,21,Male,65kg
1090,251,2212,0,2876,lean_right,21,Male,65kg
1091,257,2212,0,2866,lean_right,21,Male,65kg
1092,259,2223,0,2863,lean_right,21,Male,65kg
1093,250,2228,0,2868,lean_right,21,Male,65kg
1094,253,2222,0,2869,lean_right,21,Male,65kg
1095,261,2210,0,2867,lean_right,21,Male,65kg
1096,226,2208,0,2870,lean_right,21,Male,65kg
1097,233,2208,0,2867,lean_right,21,Male,65kg
1098,250,2211,0,2864,lean_right,21,Male,65kg
1099,262,2207,0,2873,lean_right,21,Male,65kg
1100,261,2205,0,2858,lean_right,21,Male,65kg
1101,252,2210,0,2863,lean_right,21,Male,65kg
1102,273,2224,0,2864,lean_right,21,Male,65kg
1103,270,2209,0,2866,lean_right,21,Male,65kg
1104,246,2217,0,2859,lean_right,21,Male,65kg
1105,243,2221,0,2871,lean_right,21,Male,65kg
1106,272,2224,0,2862,lean_right,21,Male,65kg
1107,270,2202,0,2864,lean_right,21,Male,65kg
1108,251,2194,0,2869,lean_right,21,Male,65kg
1109,263,2195,0,2800,lean_right,21,Male,65kg
1110,212,2182,0,2871,lean_right,21,Male,65kg
1111,274,2164,0,2882,lean_right,21,Male,65kg
1112,287,2167,0,2865,lean_right,21,Male,65kg
1113,278,2222,0,2887,lean_right,21,Male,65kg
1114,240,2592,0,2883,lean_right,21,Male,65kg
1115,0,2672,0,2639,lean_right,21,Male,65kg
1116,0,2621,0,2755,lean_right,21,Male,65kg
1117,0,2658,0,2766,lean_right,21,Male,65kg
1118,0,2667,0,2743,lean_right,21,Male,65kg
1119,0,2643,0,2715,lean_right,21,Male,65kg
1120,61,2185,0,2930,lean_right,21,Male,65kg
1121,162,2115,0,2881,lean_right,21,Male,65kg
1122,208,2096,0,2867,lean_right,21,Male,65kg
1123,208,2113,0,2863,lean_right,21,Male,65kg
1124,192,2139,0,2851,lean_right,21,Male,65kg
1125,198,2156,0,2862,lean_right,21,Male,65kg
1126,285,2145,0,2858,lean_right,21,Male,65kg
1127,275,2151,0,2859,lean_right,21,Male,65kg
1128,256,2161,0,2853,lean_right,21,Male,65kg
1129,271,2165,0,2864,lean_right,21,Male,65kg
1130,272,2160,0,2871,lean_right,21,Male,65kg
1131,285,2160,0,2869,lean_right,21,Male,65kg
1132,276,2160,0,2863,lean_right,21,Male,65kg
1133,272,2159,0,2857,lean_right,21,Male,65kg
1134,274,2160,0,2868,lean_right,21,Male,65kg
1135,273,2156,0,2872,lean_right,21,Male,65kg
1136,275,2154,0,2867,lean_right,21,Male,65kg
1137,268,2165,0,2869,lean_right,21,Male,65kg
1138,272,2156,0,2873,lean_right,21,Male,65kg
1139,283,2148,0,2870,lean_right,21,Male,65kg
1140,266,2157,0,2879,lean_right,21,Male,65kg
1141,281,2164,0,2882,lean_right,21,Male,65kg
1142,283,2163,0,2889,lean_right,21,Male,65kg
1143,262,2154,0,2895,lean_right,21,Male,65kg
1144,293,2134,0,2885,lean_right,21,Male,65kg
1145,284,2140,0,2906,lean_right,21,Male,65kg
1146,303,2153,0,2901,lean_right,21,Male,65kg
1147,293,2159,0,2896,lean_right,21,Male,65kg
1148,284,2155,0,2899,lean_right,21,Male,65kg
1149,294,2158,0,2903,lean_right,21,Male,65kg
1150,307,2158,0,2896,lean_right,21,Male,65kg
1151,311,2171,0,2899,lean_right,21,Male,65kg
1152,305,2164,0,2897,lean_right,21,Male,65kg
1153,306,2178,0,2882,lean_right,21,Male,65kg
1154,310,2176,0,2901,lean_right,21,Male,65kg
1155,306,2165,0,2896,lean_right,21,Male,65kg
1156,304,2177,0,2895,lean_right,21,Male,65kg
1157,297,2178,0,2894,lean_right,21,Male,65kg
1158,326,2175,0,2891,lean_right,21,Male,65kg
1159,289,2160,0,2894,lean_right,21,Male,65kg
1160,304,2157,0,2896,lean_right,21,Male,65kg
1161,300,2174,0,2883,lean_right,21,Male,65kg
1162,311,2179,0,2887,lean_right,21,Male,65kg
1163,311,2166,0,2893,lean_right,21,Male,65kg
1164,315,2182,0,2887,lean_right,21,Male,65kg
1165,314,2146,0,2890,lean_right,21,Male,65kg
1166,337,2159,0,2890,lean_right,21,Male,65kg
1167,336,2162,0,2892,lean_right,21,Male,65kg
1168,342,2171,0,2887,lean_right,21,Male,65kg
1169,338,2158,0,2884,lean_right,21,Male,65kg
1170,345,2135,0,2896,lean_right,21,Male,65kg
1171,368,2142,0,2880,lean_right,21,Male,65kg
1172,363,2149,0,2875,lean_right,21,Male,65kg
1173,355,2158,0,2885,lean_right,21,Male,65kg
1174,343,2153,0,2881,lean_right,21,Male,65kg
1175,368,2152,0,2878,lean_right,21,Male,65kg
1176,355,2150,0,2882,lean_right,21,Male,65kg
1177,354,2160,0,2888,lean_right,21,Male,65kg
1178,368,2157,0,2877,lean_right,21,Male,65kg
1179,368,2150,0,2887,lean_right,21,Male,65kg
1180,364,2145,0,2890,lean_right,21,Male,65kg
1181,362,2153,0,2885,lean_right,21,Male,65kg
1182,382,2162,0,2883,lean_right,21,Male,65kg
1183,341,2147,0,2857,lean_right,21,Male,65kg
1184,373,2159,0,2895,lean_right,21,Male,65kg
1185,389,2147,0,2893,lean_right,21,Male,65kg
1186,387,2165,0,2887,lean_right,21,Male,65kg
1187,397,2161,0,2896,lean_right,21,Male,65kg
1188,365,2151,0,2873,lean_right,21,Male,65kg
1189,398,2160,0,2889,lean_right,21,Male,65kg
1190,402,2163,0,2901,lean_right,21,Male,65kg
1191,407,2153,0,2892,lean_right,21,Male,65kg
1192,240,2357,0,2909,lean_right,21,Male,65kg
1193,379,2164,0,2925,lean_right,21,Male,65kg
1194,401,2276,0,2851,lean_right,21,Male,65kg
1195,240,2476,0,2919,lean_right,21,Male,65kg
1196,255,2477,0,2911,lean_right,21,Male,65kg
1197,303,2273,0,2931,lean_right,21,Male,65kg
1198,368,2160,0,2885,lean_right,21,Male,65kg
1199,370,2155,0,2894,lean_right,21,Male,65kg
1200,400,2145,0,2893,lean_right,21,Male,65kg
1201,400,2167,0,2890,lean_right,21,Male,65kg
1202,399,2166,0,2893,lean_right,21,Male,65kg
1203,416,2175,0,2886,lean_right,21,Male,65kg
1204,410,2149,0,2885,lean_right,21,Male,65kg
1205,405,2171,0,2900,lean_right,21,Male,65kg
1206,423,2181,0,2902,lean_right,21,Male,65kg
1207,428,2164,0,2895,lean_right,21,Male,65kg
1208,430,2177,0,2896,lean_right,21,Male,65kg
1209,421,2174,0,2882,lean_right,21,Male,65kg
1210,432,2162,0,2896,lean_right,21,Male,65kg
1211,432,2164,0,2903,lean_right,21,Male,65kg
1212,447,2157,0,2913,lean_right,21,Male,65kg
1213,442,2174,0,2900,lean_right,21,Male,65kg
1214,449,2160,0,2907,lean_right,21,Male,65kg
1215,464,2160,0,2906,lean_right,21,Male,65kg
1216,458,2160,0,2909,lean_right,21,Male,65kg
1217,451,2158,0,2896,lean_right,21,Male,65kg
1218,545,2137,0,2839,lean_right,21,Male,65kg
1219,563,2133,0,2832,lean_right,21,Male,65kg
1220,576,2141,0,2847,lean_right,21,Male,65kg
1221,564,2138,0,2846,lean_right,21,Male,65kg
1222,560,2133,0,2831,lean_right,21,Male,65kg
1223,571,2138,0,2848,lean_right,21,Male,65kg
1224,567,2126,0,2842,lean_right,21,Male,65kg
1225,576,2128,0,2832,lean_right,21,Male,65kg
1226,588,2123,0,2834,lean_right,21,Male,65kg
1227,585,2117,0,2829,lean_right,21,Male,65kg
1228,594,2111,0,2832,lean_right,21,Male,65kg
1229,577,2102,0,2809,lean_right,21,Male,65kg
1230,583,2102,0,2644,lean_right,21,Male,65kg
1231,252,2083,0,2959,lean_right,21,Male,65kg
1232,226,2058,0,2966,lean_right,21,Male,65kg
1233,224,2062,0,2954,lean_right,21,Male,65kg
1234,234,2034,0,2953,lean_right,21,Male,65kg
1235,487,2083,0,2931,lean_right,21,Male,65kg
1236,557,2092,0,2929,lean_right,21,Male,65kg
1237,543,2100,0,2896,lean_right,21,Male,65kg
1238,528,2111,0,2911,lean_right,21,Male,65kg
1239,558,2112,0,2899,lean_right,21,Male,65kg
1240,497,2112,0,2909,lean_right,21,Male,65kg
1241,499,2126,0,2915,lean_right,21,Male,65kg
1242,503,2123,0,2918,lean_right,21,Male,65kg
1243,528,2123,0,2914,lean_right,21,Male,65kg
1244,511,2129,0,2906,lean_right,21,Male,65kg
1245,538,2113,0,2906,lean_right,21,Male,65kg
1246,539,2115,0,2910,lean_right,21,Male,65kg
1247,573,2123,0,2913,lean_right,21,Male,65kg
1248,574,2127,0,2910,lean_right,21,Male,65kg
1249,569,2127,0,2914,lean_right,21,Male,65kg
1250,573,2128,0,2899,lean_right,21,Male,65kg
1251,642,2122,0,2939,hunched,21,Male,65kg
1252,1091,2247,2173,1669,hunched,21,Male,65kg
1253,1056,2231,1809,1788,hunched,21,Male,65kg
1254,1023,2235,1695,1473,hunched,21,Male,65kg
1255,942,2146,1867,1676,hunched,21,Male,65kg
1256,803,2081,1981,1643,hunched,21,Male,65kg
1257,813,2085,1975,1665,hunched,21,Male,65kg
1258,843,2000,1989,1621,hunched,21,Male,65kg
1259,895,1931,1984,1697,hunched,21,Male,65kg
1260,845,1958,1985,1651,hunched,21,Male,65kg
1261,886,1946,1994,1570,hunched,21,Male,65kg
1262,913,1962,1987,1522,hunched,21,Male,65kg
1263,924,1983,1984,1637,hunched,21,Male,65kg
1264,932,2000,1987,1534,hunched,21,Male,65kg
1265,946,1973,1998,1494,hunched,21,Male,65kg
1266,928,1959,1990,1588,hunched,21,Male,65kg
1267,939,1959,1994,1568,hunched,21,Male,65kg
1268,871,2014,1982,1581,hunched,21,Male,65kg
1269,863,2033,1987,1498,hunched,21,Male,65kg
1270,955,2018,1990,1531,hunched,21,Male,65kg
1271,976,1999,1969,1602,hunched,21,Male,65kg
1272,987,1834,1985,1612,hunched,21,Male,65kg
1273,964,1664,1991,1585,hunched,21,Male,65kg
1274,968,1749,1966,1594,hunched,21,Male,65kg
1275,963,1755,1979,1597,hunched,21,Male,65kg
1276,975,1837,1975,1595,hunched,21,Male,65kg
1277,1008,1850,1953,1600,hunched,21,Male,65kg
1278,987,1811,1984,1594,hunched,21,Male,65kg
1279,980,1856,1887,1623,hunched,21,Male,65kg
1280,971,1867,1898,1602,hunched,21,Male,65kg
1281,984,1909,1919,1594,hunched,21,Male,65kg
1282,978,1917,1926,1598,hunched,21,Male,65kg
1283,977,1893,1920,1631,hunched,21,Male,65kg
1284,1006,1871,1913,1606,hunched,21,Male,65kg
1285,1002,1846,1929,1591,hunched,21,Male,65kg
1286,1008,1869,1915,1587,hunched,21,Male,65kg
1287,1013,1863,1905,1586,hunched,21,Male,65kg
1288,1034,1870,1922,1573,hunched,21,Male,65kg
1289,1014,1942,1900,1599,hunched,21,Male,65kg
1290,1037,1929,1902,1577,hunched,21,Male,65kg
1291,1022,1917,1905,1604,hunched,21,Male,65kg
1292,1023,1921,1898,1593,hunched,21,Male,65kg
1293,1038,1916,1907,1607,hunched,21,Male,65kg
1294,1012,1914,1904,1588,hunched,21,Male,65kg
1295,1011,1911,1915,1613,hunched,21,Male,65kg
1296,1031,1893,1902,1591,hunched,21,Male,65kg
1297,1023,1894,1915,1595,hunched,21,Male,65kg
1298,1031,1925,1891,1573,hunched,21,Male,65kg
1299,1018,1931,1901,1574,hunched,21,Male,65kg
1300,1008,1917,1894,1565,hunched,21,Male,65kg
1301,1023,1914,1899,1570,hunched,21,Male,65kg
1302,1021,1920,1890,1577,hunched,21,Male,65kg
1303,1015,1927,1892,1570,hunched,21,Male,65kg
1304,1034,1922,1872,1598,hunched,21,Male,65kg
1305,1037,1934,1871,1610,hunched,21,Male,65kg
1306,1043,1932,1872,1615,hunched,21,Male,65kg
1307,1033,1946,1881,1590,hunched,21,Male,65kg
1308,1031,1937,1868,1566,hunched,21,Male,65kg
1309,1039,1915,1870,1582,hunched,21,Male,65kg
1310,1042,1931,1872,1566,hunched,21,Male,65kg
1311,1023,1943,1858,1559,hunched,21,Male,65kg
1312,1039,1951,1861,1553,hunched,21,Male,65kg
1313,1057,1936,1845,1567,hunched,21,Male,65kg
1314,1051,1950,1855,1569,hunched,21,Male,65kg
1315,1040,1963,1841,1567,hunched,21,Male,65kg
1316,1040,1951,1833,1535,hunched,21,Male,65kg
1317,1045,1945,1835,1535,hunched,21,Male,65kg
1318,1050,1944,1872,1561,hunched,21,Male,65kg
1319,1040,1953,1864,1535,hunched,21,Male,65kg
1320,1040,1951,1872,1527,hunched,21,Male,65kg
1321,1042,1950,1881,1556,hunched,21,Male,65kg
1322,1051,1939,1879,1535,hunched,21,Male,65kg
1323,1035,1958,1885,1520,hunched,21,Male,65kg
1324,1040,1939,1872,1535,hunched,21,Male,65kg
1325,1039,1936,1892,1535,hunched,21,Male,65kg
1326,1019,1935,1873,1557,hunched,21,Male,65kg
1327,1009,1959,1881,1562,hunched,21,Male,65kg
1328,1040,1943,1883,1562,hunched,21,Male,65kg
1329,1040,1962,1875,1582,hunched,21,Male,65kg
1330,1033,1945,1885,1559,hunched,21,Male,65kg
1331,1037,1951,1885,1535,hunched,21,Male,65kg
1332,1040,1962,1883,1535,hunched,21,Male,65kg
1333,1040,1942,1885,1568,hunched,21,Male,65kg
1334,1072,1940,1877,1535,hunched,21,Male,65kg
1335,1033,1951,1885,1559,hunched,21,Male,65kg
1336,1040,1939,1875,1558,hunched,21,Male,65kg
1337,1040,1938,1875,1567,hunched,21,Male,65kg
1338,1040,1936,1877,1566,hunched,21,Male,65kg
1339,1035,1942,1871,1579,hunched,21,Male,65kg
1340,1023,1958,1885,1565,hunched,21,Male,65kg
1341,1050,1949,1872,1563,hunched,21,Male,65kg
1342,1046,1949,1872,1588,hunched,21,Male,65kg
1343,1051,1949,1883,1575,hunched,21,Male,65kg
1344,1042,1968,1878,1582,hunched,21,Male,65kg
1345,1060,1960,1878,1578,hunched,21,Male,65kg
1346,1058,1967,1872,1601,hunched,21,Male,65kg
1347,1057,1968,1871,1600,hunched,21,Male,65kg
1348,1037,1979,1870,1584,hunched,21,Male,65kg
1349,1034,1970,1870,1591,hunched,21,Male,65kg
1350,1047,1968,1865,1600,hunched,21,Male,65kg
1351,1037,1966,1867,1584,hunched,21,Male,65kg
1352,1040,1971,1863,1572,hunched,21,Male,65kg
1353,1045,1971,1850,1578,hunched,21,Male,65kg
1354,1040,1971,1840,1584,hunched,21,Male,65kg
1355,1040,1983,1859,1571,hunched,21,Male,65kg
1356,1051,1973,1856,1583,hunched,21,Male,65kg
1357,1046,1987,1862,1584,hunched,21,Male,65kg
1358,1040,1971,1846,1590,hunched,21,Male,65kg
1359,1056,1968,1861,1596,hunched,21,Male,65kg
1360,1039,1969,1863,1591,hunched,21,Male,65kg
1361,1034,1970,1849,1595,hunched,21,Male,65kg
1362,1044,1957,1854,1594,hunched,21,Male,65kg
1363,1035,1964,1859,1582,hunched,21,Male,65kg
1364,1040,1955,1864,1587,hunched,21,Male,65kg
1365,1023,1955,1861,1586,hunched,21,Male,65kg
1366,1040,1968,1849,1584,hunched,21,Male,65kg
1367,1059,1947,1845,1578,hunched,21,Male,65kg
1368,1072,1953,1853,1568,hunched,21,Male,65kg
1369,1066,1955,1830,1569,hunched,21,Male,65kg
1370,1067,1959,1829,1582,hunched,21,Male,65kg
1371,1055,1963,1834,1574,hunched,21,Male,65kg
1372,1053,1957,1840,1577,hunched,21,Male,65kg
1373,1051,1968,1833,1575,hunched,21,Male,65kg
1374,1067,1962,1836,1569,hunched,21,Male,65kg
1375,1061,1946,1825,1570,hunched,21,Male,65kg
1376,1055,1948,1821,1535,hunched,21,Male,65kg
1377,1056,1947,1854,1535,hunched,21,Male,65kg
1378,1055,1947,1824,1559,hunched,21,Male,65kg
1379,1071,1923,1823,1535,hunched,21,Male,65kg
1380,1062,1936,1822,1559,hunched,21,Male,65kg
1381,1050,1945,1830,1563,hunched,21,Male,65kg
1382,1042,1956,1823,1535,hunched,21,Male,65kg
1383,1061,1941,1828,1555,hunched,21,Male,65kg
1384,1072,1942,1807,1554,hunched,21,Male,65kg
1385,1051,1872,1851,1563,hunched,21,Male,65kg
1386,1069,1898,1878,1562,hunched,21,Male,65kg
1387,1074,1911,1833,1579,hunched,21,Male,65kg
1388,1073,1920,1850,1584,hunched,21,Male,65kg
1389,1059,1936,1847,1558,hunched,21,Male,65kg
1390,1062,1931,1840,1555,hunched,21,Male,65kg
1391,1070,1921,1835,1535,hunched,21,Male,65kg
1392,1066,1936,1806,1535,hunched,21,Male,65kg
1393,1066,1923,1777,1569,hunched,21,Male,65kg
1394,1066,1920,1804,1535,hunched,21,Male,65kg
1395,1079,1936,1797,1568,hunched,21,Male,65kg
1396,1071,1925,1796,1573,hunched,21,Male,65kg
1397,1056,1931,1795,1535,hunched,21,Male,65kg
1398,1051,1938,1795,1574,hunched,21,Male,65kg
1399,1054,1938,1776,1575,hunched,21,Male,65kg
1400,1098,1931,1805,1573,hunched,21,Male,65kg
1401,1074,1926,1783,1535,hunched,21,Male,65kg
1402,1072,1936,1810,1535,hunched,21,Male,65kg
1403,1057,1937,1799,1554,hunched,21,Male,65kg
1404,1057,1938,1783,1535,hunched,21,Male,65kg
1405,1055,1938,1802,1561,hunched,21,Male,65kg
1406,1050,1941,1795,1559,hunched,21,Male,65kg
1407,1044,1947,1778,1573,hunched,21,Male,65kg
1408,1071,1949,1789,1570,hunched,21,Male,65kg
1409,1055,1936,1783,1556,hunched,21,Male,65kg
1410,1057,1938,1799,1531,hunched,21,Male,65kg
1411,1073,1945,1806,1529,hunched,21,Male,65kg
1412,1082,1945,1801,1534,hunched,21,Male,65kg
1413,1085,1945,1792,1535,hunched,21,Male,65kg
1414,1075,1952,1795,1535,hunched,21,Male,65kg
1415,1061,1968,1776,1535,hunched,21,Male,65kg
1416,1073,1954,1787,1564,hunched,21,Male,65kg
1417,1085,1936,1776,1579,hunched,21,Male,65kg
1418,1074,1936,1781,1585,hunched,21,Male,65kg
1419,1073,1929,1775,1589,hunched,21,Male,65kg
1420,1078,1933,1783,1597,hunched,21,Male,65kg
1421,1087,1905,1781,1589,hunched,21,Male,65kg
1422,1072,1925,1783,1595,hunched,21,Male,65kg
1423,1079,1919,1782,1599,hunched,21,Male,65kg
1424,1065,1931,1793,1609,hunched,21,Male,65kg
1425,1083,1919,1808,1608,hunched,21,Male,65kg
1426,1088,1899,1816,1600,hunched,21,Male,65kg
1427,1075,1913,1808,1613,hunched,21,Male,65kg
1428,1082,1934,1806,1603,hunched,21,Male,65kg
1429,1072,1945,1814,1616,hunched,21,Male,65kg
1430,1072,1947,1793,1612,hunched,21,Male,65kg
1431,1065,1950,1795,1613,hunched,21,Male,65kg
1432,1072,1957,1789,1626,hunched,21,Male,65kg
1433,1073,1967,1786,1629,hunched,21,Male,65kg
1434,1069,1954,1776,1644,hunched,21,Male,65kg
1435,1089,1962,1778,1652,hunched,21,Male,65kg
1436,1082,1968,1773,1623,hunched,21,Male,65kg
1437,1089,1970,1775,1645,hunched,21,Male,65kg
1438,1095,1974,1778,1648,hunched,21,Male,65kg
1439,1085,1967,1783,1648,hunched,21,Male,65kg
1440,1085,1970,1779,1643,hunched,21,Male,65kg
1441,1089,1971,1784,1638,hunched,21,Male,65kg
1442,1093,1974,1779,1650,hunched,21,Male,65kg
1443,1087,1964,1783,1631,hunched,21,Male,65kg
1444,1085,1973,1813,1644,hunched,21,Male,65kg
1445,1083,1965,1806,1629,hunched,21,Male,65kg
1446,1084,1963,1782,1635,hunched,21,Male,65kg
1447,1090,1931,1840,1616,hunched,21,Male,65kg
1448,1104,1936,1840,1622,hunched,21,Male,65kg
1449,1091,1965,1857,1615,hunched,21,Male,65kg
1450,1090,1904,1834,1617,hunched,21,Male,65kg
1451,1085,1973,1755,1627,hunched,21,Male,65kg
1452,1046,1911,1744,1641,hunched,21,Male,65kg
1453,990,1879,1761,1617,hunched,21,Male,65kg
1454,918,1825,1725,1631,hunched,21,Male,65kg
1455,919,1855,1740,1615,hunched,21,Male,65kg
1456,916,1863,1842,1633,hunched,21,Male,65kg
1457,919,1858,1819,1651,hunched,21,Male,65kg
1458,923,1856,1834,1615,hunched,21,Male,65kg
1459,919,1853,1836,1646,hunched,21,Male,65kg
1460,957,1861,1835,1645,hunched,21,Male,65kg
1461,934,1861,1842,1645,hunched,21,Male,65kg
1462,928,1874,1841,1625,hunched,21,Male,65kg
1463,944,1857,1838,1635,hunched,21,Male,65kg
1464,959,1869,1841,1648,hunched,21,Male,65kg
1465,947,1872,1844,1648,hunched,21,Male,65kg
1466,958,1876,1843,1627,hunched,21,Male,65kg
1467,976,1873,1849,1643,hunched,21,Male,65kg
1468,966,1854,1850,1636,hunched,21,Male,65kg
1469,958,1875,1871,1635,hunched,21,Male,65kg
1470,977,1855,1859,1642,hunched,21,Male,65kg
1471,1002,1863,1839,1632,hunched,21,Male,65kg
1472,993,1847,1852,1630,hunched,21,Male,65kg
1473,994,1841,1842,1643,hunched,21,Male,65kg
1474,1005,1851,1852,1626,hunched,21,Male,65kg
1475,999,1851,1841,1642,hunched,21,Male,65kg
1476,1008,1844,1854,1634,hunched,21,Male,65kg
1477,990,1843,1859,1648,hunched,21,Male,65kg
1478,1007,1851,1861,1641,hunched,21,Male,65kg
1479,1015,1865,1872,1647,hunched,21,Male,65kg
1480,955,1857,1872,1634,hunched,21,Male,65kg
1481,934,1847,1920,1648,hunched,21,Male,65kg
1482,1033,1895,1878,1648,hunched,21,Male,65kg
1483,1008,1904,1877,1647,hunched,21,Male,65kg
1484,1023,1886,1873,1643,hunched,21,Male,65kg
1485,1019,1975,1785,1647,hunched,21,Male,65kg
1486,1017,1961,1802,1648,hunched,21,Male,65kg
1487,1021,1939,1853,1671,hunched,21,Male,65kg
1488,1032,1968,1847,1675,hunched,21,Male,65kg
1489,1023,1961,1849,1658,hunched,21,Male,65kg
1490,1014,1983,1871,1664,hunched,21,Male,65kg
1491,1023,1999,1870,1660,hunched,21,Male,65kg
1492,1047,1996,1869,1671,hunched,21,Male,65kg
1493,1040,2000,1875,1678,hunched,21,Male,65kg
1494,1019,2006,1872,1672,hunched,21,Male,65kg
1495,1013,2005,1863,1667,hunched,21,Male,65kg
1496,1019,1995,1866,1675,hunched,21,Male,65kg
1497,1013,1998,1856,1665,hunched,21,Male,65kg
1498,1000,2000,1854,1648,hunched,21,Male,65kg
1499,1039,2003,1863,1655,hunched,21,Male,65kg
1500,1008,2000,1855,1675,hunched,21,Male,65kg
1501,1045,2190,2034,1414,crossed_legs_left,21,Male,65kg
1502,0,1874,2672,1504,crossed_legs_left,21,Male,65kg
1503,0,2007,2787,1495,crossed_legs_left,21,Male,65kg
1504,0,1821,2814,1238,crossed_legs_left,21,Male,65kg
1505,0,1935,2827,1172,crossed_legs_left,21,Male,65kg
1506,0,1965,2829,1138,crossed_legs_left,21,Male,65kg
1507,0,1986,2811,1230,crossed_legs_left,21,Male,65kg
1508,0,1984,2829,1226,crossed_legs_left,21,Male,65kg
1509,0,1968,2834,1311,crossed_legs_left,21,Male,65kg
1510,0,1968,2802,1219,crossed_legs_left,21,Male,65kg
1511,0,1984,2815,1234,crossed_legs_left,21,Male,65kg
1512,0,1903,2835,1307,crossed_legs_left,21,Male,65kg
1513,0,1817,2832,1236,crossed_legs_left,21,Male,65kg
1514,0,1826,2838,1184,crossed_legs_left,21,Male,65kg
1515,0,1835,2851,1197,crossed_legs_left,21,Male,65kg
1516,0,1834,2844,1204,crossed_legs_left,21,Male,65kg
1517,0,1825,2841,1269,crossed_legs_left,21,Male,65kg
1518,0,1822,2847,1297,crossed_legs_left,21,Male,65kg
1519,0,1829,2832,1308,crossed_legs_left,21,Male,65kg
1520,0,1834,2833,1297,crossed_legs_left,21,Male,65kg
1521,0,1827,2852,1262,crossed_legs_left,21,Male,65kg
1522,0,1823,2848,1200,crossed_legs_left,21,Male,65kg
1523,0,1823,2849,1251,crossed_legs_left,21,Male,65kg
1524,0,1837,2847,1330,crossed_legs_left,21,Male,65kg
1525,0,1815,2834,1353,crossed_legs_left,21,Male,65kg
1526,25,1809,2850,1279,crossed_legs_left,21,Male,65kg
1527,25,1825,2832,1328,crossed_legs_left,21,Male,65kg
1528,0,1778,2864,1318,crossed_legs_left,21,Male,65kg
1529,0,1718,2847,1287,crossed_legs_left,21,Male,65kg
1530,28,1695,2864,1279,crossed_legs_left,21,Male,65kg
1531,9,1691,2885,1254,crossed_legs_left,21,Male,65kg
1532,22,1737,2875,1261,crossed_legs_left,21,Male,65kg
1533,0,1759,2887,1280,crossed_legs_left,21,Male,65kg
1534,0,1776,2914,1312,crossed_legs_left,21,Male,65kg
1535,0,1790,2914,1297,crossed_legs_left,21,Male,65kg
1536,0,1786,2912,1223,crossed_legs_left,21,Male,65kg
1537,0,1792,2907,1296,crossed_legs_left,21,Male,65kg
1538,0,1793,2921,1286,crossed_legs_left,21,Male,65kg
1539,0,2032,2640,1238,crossed_legs_left,21,Male,65kg
1540,0,2289,1664,1295,crossed_legs_left,21,Male,65kg
1541,0,1773,2635,1271,crossed_legs_left,21,Male,65kg
1542,0,1760,2704,1169,crossed_legs_left,21,Male,65kg
1543,0,1835,2709,1200,crossed_legs_left,21,Male,65kg
1544,0,1835,2725,1137,crossed_legs_left,21,Male,65kg
1545,0,1866,2764,1039,crossed_legs_left,21,Male,65kg
1546,0,1857,2785,981,crossed_legs_left,21,Male,65kg
1547,0,1860,2781,950,crossed_legs_left,21,Male,65kg
1548,0,1875,2772,986,crossed_legs_left,21,Male,65kg
1549,0,1889,2768,1008,crossed_legs_left,21,Male,65kg
1550,0,1888,2768,1145,crossed_legs_left,21,Male,65kg
1551,0,1889,2784,1155,crossed_legs_left,21,Male,65kg
1552,0,1893,2790,1168,crossed_legs_left,21,Male,65kg
1553,0,1898,2793,1126,crossed_legs_left,21,Male,65kg
1554,0,1889,2800,1168,crossed_legs_left,21,Male,65kg
1555,0,1897,2798,1119,crossed_legs_left,21,Male,65kg
1556,0,1901,2812,1232,crossed_legs_left,21,Male,65kg
1557,0,1905,2800,1122,crossed_legs_left,21,Male,65kg
1558,0,1904,2794,1136,crossed_legs_left,21,Male,65kg
1559,0,1900,2808,1104,crossed_legs_left,21,Male,65kg
1560,0,1892,2800,1187,crossed_legs_left,21,Male,65kg
1561,0,1904,2816,1182,crossed_legs_left,21,Male,65kg
1562,0,1904,2817,1211,crossed_legs_left,21,Male,65kg
1563,0,1904,2815,1189,crossed_legs_left,21,Male,65kg
1564,0,1898,2818,1151,crossed_legs_left,21,Male,65kg
1565,0,1911,2822,1155,crossed_legs_left,21,Male,65kg
1566,0,1899,2835,1190,crossed_legs_left,21,Male,65kg
1567,0,1903,2837,1222,crossed_legs_left,21,Male,65kg
1568,0,1891,2830,1239,crossed_legs_left,21,Male,65kg
1569,0,1895,2831,1232,crossed_legs_left,21,Male,65kg
1570,0,1904,2826,1184,crossed_legs_left,21,Male,65kg
1571,0,1894,2830,1169,crossed_legs_left,21,Male,65kg
1572,0,1891,2830,1191,crossed_legs_left,21,Male,65kg
1573,0,1904,2838,1196,crossed_legs_left,21,Male,65kg
1574,0,1905,2833,1200,crossed_legs_left,21,Male,65kg
1575,0,1907,2835,1189,crossed_legs_left,21,Male,65kg
1576,0,1904,2818,1218,crossed_legs_left,21,Male,65kg
1577,0,1907,2832,1227,crossed_legs_left,21,Male,65kg
1578,0,1907,2827,1253,crossed_legs_left,21,Male,65kg
1579,0,1920,2847,1248,crossed_legs_left,21,Male,65kg
1580,0,1914,2833,1246,crossed_legs_left,21,Male,65kg
1581,0,1904,2849,1243,crossed_legs_left,21,Male,65kg
1582,0,1907,2847,1232,crossed_legs_left,21,Male,65kg
1583,0,1907,2834,1255,crossed_legs_left,21,Male,65kg
1584,0,1906,2834,1285,crossed_legs_left,21,Male,65kg
1585,0,1909,2841,1290,crossed_legs_left,21,Male,65kg
1586,0,1907,2839,1291,crossed_legs_left,21,Male,65kg
1587,0,1917,2847,1223,crossed_legs_left,21,Male,65kg
1588,0,1913,2828,1194,crossed_legs_left,21,Male,65kg
1589,0,1907,2838,1184,crossed_legs_left,21,Male,65kg
1590,0,1913,2831,1233,crossed_legs_left,21,Male,65kg
1591,0,1915,2803,1269,crossed_legs_left,21,Male,65kg
1592,0,1909,2827,1228,crossed_legs_left,21,Male,65kg
1593,0,1906,2834,1206,crossed_legs_left,21,Male,65kg
1594,0,1918,2832,1205,crossed_legs_left,21,Male,65kg
1595,0,1915,2831,1197,crossed_legs_left,21,Male,65kg
1596,0,1919,2821,1202,crossed_legs_left,21,Male,65kg
1597,0,1910,2826,1194,crossed_legs_left,21,Male,65kg
1598,0,1921,2835,1212,crossed_legs_left,21,Male,65kg
1599,0,1915,2837,1208,crossed_legs_left,21,Male,65kg
1600,0,1904,2833,1225,crossed_legs_left,21,Male,65kg
1601,0,1906,2827,1239,crossed_legs_left,21,Male,65kg
1602,0,1917,2826,1216,crossed_legs_left,21,Male,65kg
1603,0,1911,2829,1216,crossed_legs_left,21,Male,65kg
1604,0,1917,2819,1242,crossed_legs_left,21,Male,65kg
1605,0,1904,2810,1279,crossed_legs_left,21,Male,65kg
1606,0,1908,2831,1287,crossed_legs_left,21,Male,65kg
1607,0,1915,2834,1297,crossed_legs_left,21,Male,65kg
1608,0,1915,2823,1270,crossed_legs_left,21,Male,65kg
1609,0,1907,2826,1261,crossed_legs_left,21,Male,65kg
1610,0,1901,2829,1297,crossed_legs_left,21,Male,65kg
1611,0,1911,2833,1264,crossed_legs_left,21,Male,65kg
1612,0,1910,2832,1275,crossed_legs_left,21,Male,65kg
1613,0,1913,2834,1281,crossed_legs_left,21,Male,65kg
1614,0,1914,2833,1271,crossed_legs_left,21,Male,65kg
1615,0,1919,2831,1243,crossed_legs_left,21,Male,65kg
1616,0,1910,2817,1306,crossed_legs_left,21,Male,65kg
1617,0,1918,2827,1310,crossed_legs_left,21,Male,65kg
1618,0,1907,2843,1358,crossed_legs_left,21,Male,65kg
1619,0,1919,2820,1381,crossed_legs_left,21,Male,65kg
1620,0,1918,2832,1363,crossed_legs_left,21,Male,65kg
1621,0,1914,2789,1337,crossed_legs_left,21,Male,65kg
1622,0,1913,2814,1335,crossed_legs_left,21,Male,65kg
1623,0,1922,2811,1350,crossed_legs_left,21,Male,65kg
1624,0,1904,2830,1283,crossed_legs_left,21,Male,65kg
1625,0,1905,2827,1303,crossed_legs_left,21,Male,65kg
1626,0,1904,2832,1299,crossed_legs_left,21,Male,65kg
1627,0,1916,2841,1264,crossed_legs_left,21,Male,65kg
1628,0,1925,2845,1295,crossed_legs_left,21,Male,65kg
1629,0,1914,2835,1313,crossed_legs_left,21,Male,65kg
1630,0,1908,2839,1305,crossed_legs_left,21,Male,65kg
1631,0,1922,2842,1285,crossed_legs_left,21,Male,65kg
1632,0,1916,2832,1360,crossed_legs_left,21,Male,65kg
1633,0,1919,2821,1377,crossed_legs_left,21,Male,65kg
1634,0,1911,2822,1360,crossed_legs_left,21,Male,65kg
1635,0,1915,2832,1318,crossed_legs_left,21,Male,65kg
1636,0,1925,2834,1328,crossed_legs_left,21,Male,65kg
1637,0,1924,2747,1381,crossed_legs_left,21,Male,65kg
1638,0,1920,2827,1375,crossed_legs_left,21,Male,65kg
1639,0,1894,2769,1400,crossed_legs_left,21,Male,65kg
1640,0,1927,2803,1407,crossed_legs_left,21,Male,65kg
1641,0,1920,2829,1382,crossed_legs_left,21,Male,65kg
1642,0,1933,2811,1375,crossed_legs_left,21,Male,65kg
1643,0,1910,2816,1327,crossed_legs_left,21,Male,65kg
1644,0,1925,2826,1318,crossed_legs_left,21,Male,65kg
1645,6,1927,2832,1329,crossed_legs_left,21,Male,65kg
1646,0,1929,2834,1360,crossed_legs_left,21,Male,65kg
1647,9,1925,2838,1361,crossed_legs_left,21,Male,65kg
1648,0,1927,2849,1344,crossed_legs_left,21,Male,65kg
1649,0,1923,2859,1285,crossed_legs_left,21,Male,65kg
1650,0,1923,2861,1283,crossed_legs_left,21,Male,65kg
1651,0,1911,2841,1242,crossed_legs_left,21,Male,65kg
1652,0,1898,2855,1270,crossed_legs_left,21,Male,65kg
1653,0,1889,2869,1266,crossed_legs_left,21,Male,65kg
1654,0,1890,2861,1315,crossed_legs_left,21,Male,65kg
1655,0,1897,2863,1321,crossed_legs_left,21,Male,65kg
1656,0,1887,2864,1344,crossed_legs_left,21,Male,65kg
1657,9,1901,2866,1337,crossed_legs_left,21,Male,65kg
1658,0,1904,2854,1266,crossed_legs_left,21,Male,65kg
1659,0,1904,2861,1291,crossed_legs_left,21,Male,65kg
1660,0,1893,2864,1282,crossed_legs_left,21,Male,65kg
1661,0,1901,2866,1323,crossed_legs_left,21,Male,65kg
1662,13,1905,2870,1303,crossed_legs_left,21,Male,65kg
1663,25,1901,2867,1301,crossed_legs_left,21,Male,65kg
1664,16,1904,2864,1295,crossed_legs_left,21,Male,65kg
1665,23,1904,2866,1351,crossed_legs_left,21,Male,65kg
1666,6,1898,2866,1325,crossed_legs_left,21,Male,65kg
1667,0,1904,2869,1298,crossed_legs_left,21,Male,65kg
1668,0,1911,2897,1322,crossed_legs_left,21,Male,65kg
1669,99,1904,2866,1287,crossed_legs_left,21,Male,65kg
1670,113,1903,2882,1305,crossed_legs_left,21,Male,65kg
1671,0,1911,2910,1331,crossed_legs_left,21,Male,65kg
1672,0,1904,2925,1319,crossed_legs_left,21,Male,65kg
1673,0,1904,2930,1331,crossed_legs_left,21,Male,65kg
1674,0,1911,2919,1363,crossed_legs_left,21,Male,65kg
1675,0,1916,2918,1335,crossed_legs_left,21,Male,65kg
1676,0,1906,2923,1357,crossed_legs_left,21,Male,65kg
1677,0,1907,2922,1348,crossed_legs_left,21,Male,65kg
1678,0,1915,2923,1335,crossed_legs_left,21,Male,65kg
1679,0,1911,2915,1372,crossed_legs_left,21,Male,65kg
1680,0,1910,2912,1354,crossed_legs_left,21,Male,65kg
1681,0,1921,2916,1361,crossed_legs_left,21,Male,65kg
1682,0,1919,2918,1330,crossed_legs_left,21,Male,65kg
1683,0,1907,2907,1343,crossed_legs_left,21,Male,65kg
1684,0,1913,2919,1334,crossed_legs_left,21,Male,65kg
1685,0,1910,2914,1270,crossed_legs_left,21,Male,65kg
1686,0,1904,2928,1296,crossed_legs_left,21,Male,65kg
1687,0,1856,2891,1296,crossed_legs_left,21,Male,65kg
1688,16,1918,2937,1296,crossed_legs_left,21,Male,65kg
1689,16,1909,2938,1266,crossed_legs_left,21,Male,65kg
1690,0,1917,2941,1278,crossed_legs_left,21,Male,65kg
1691,45,1926,2931,1251,crossed_legs_left,21,Male,65kg
1692,42,1913,2933,1296,crossed_legs_left,21,Male,65kg
1693,16,1910,2933,1295,crossed_legs_left,21,Male,65kg
1694,16,1918,2935,1293,crossed_legs_left,21,Male,65kg
1695,25,1919,2938,1304,crossed_legs_left,21,Male,65kg
1696,48,1916,2938,1310,crossed_legs_left,21,Male,65kg
1697,16,1925,2942,1243,crossed_legs_left,21,Male,65kg
1698,0,1925,2951,1267,crossed_legs_left,21,Male,65kg
1699,0,1922,2944,1307,crossed_legs_left,21,Male,65kg
1700,0,1920,2944,1291,crossed_legs_left,21,Male,65kg
1701,13,1923,2935,1328,crossed_legs_left,21,Male,65kg
1702,10,1919,2932,1271,crossed_legs_left,21,Male,65kg
1703,0,1923,2946,1258,crossed_legs_left,21,Male,65kg
1704,17,1927,2940,1296,crossed_legs_left,21,Male,65kg
1705,16,1933,2946,1317,crossed_legs_left,21,Male,65kg
1706,0,1930,2939,1283,crossed_legs_left,21,Male,65kg
1707,0,1933,2947,1249,crossed_legs_left,21,Male,65kg
1708,0,1931,2953,1280,crossed_legs_left,21,Male,65kg
1709,0,1933,2950,1290,crossed_legs_left,21,Male,65kg
1710,0,1936,2945,1299,crossed_legs_left,21,Male,65kg
1711,0,1942,2945,1268,crossed_legs_left,21,Male,65kg
1712,0,1919,2935,1246,crossed_legs_left,21,Male,65kg
1713,0,1935,2929,1263,crossed_legs_left,21,Male,65kg
1714,0,1930,2937,1279,crossed_legs_left,21,Male,65kg
1715,0,1942,2947,1296,crossed_legs_left,21,Male,65kg
1716,0,1920,2943,1281,crossed_legs_left,21,Male,65kg
1717,0,1923,2938,1285,crossed_legs_left,21,Male,65kg
1718,0,1919,2933,1255,crossed_legs_left,21,Male,65kg
1719,0,1922,2949,1242,crossed_legs_left,21,Male,65kg
1720,14,1936,2932,1221,crossed_legs_left,21,Male,65kg
1721,16,1930,2950,1221,crossed_legs_left,21,Male,65kg
1722,4,1935,2943,1235,crossed_legs_left,21,Male,65kg
1723,0,1924,2939,1247,crossed_legs_left,21,Male,65kg
1724,0,1936,2951,1253,crossed_legs_left,21,Male,65kg
1725,24,1937,2929,1234,crossed_legs_left,21,Male,65kg
1726,11,1930,2933,1221,crossed_legs_left,21,Male,65kg
1727,16,1935,2928,1234,crossed_legs_left,21,Male,65kg
1728,20,1930,2929,1249,crossed_legs_left,21,Male,65kg
1729,25,1936,2929,1266,crossed_legs_left,21,Male,65kg
1730,25,1936,2935,1275,crossed_legs_left,21,Male,65kg
1731,2,1933,2935,1255,crossed_legs_left,21,Male,65kg
1732,14,1941,2936,1242,crossed_legs_left,21,Male,65kg
1733,27,1950,2929,1263,crossed_legs_left,21,Male,65kg
1734,43,1934,2916,1282,crossed_legs_left,21,Male,65kg
1735,16,1926,2921,1270,crossed_legs_left,21,Male,65kg
1736,21,1938,2923,1281,crossed_legs_left,21,Male,65kg
1737,43,1937,2918,1294,crossed_legs_left,21,Male,65kg
1738,47,1935,2926,1298,crossed_legs_left,21,Male,65kg
1739,45,1936,2919,1267,crossed_legs_left,21,Male,65kg
1740,49,1950,2926,1264,crossed_legs_left,21,Male,65kg
1741,54,1939,2917,1282,crossed_legs_left,21,Male,65kg
1742,52,1927,2906,1308,crossed_legs_left,21,Male,65kg
1743,59,1933,2922,1306,crossed_legs_left,21,Male,65kg
1744,34,1934,2928,1314,crossed_legs_left,21,Male,65kg
1745,50,1936,2918,1334,crossed_legs_left,21,Male,65kg
1746,48,1942,2919,1332,crossed_legs_left,21,Male,65kg
1747,54,1939,2903,1337,crossed_legs_left,21,Male,65kg
1748,58,1946,2895,1321,crossed_legs_left,21,Male,65kg
1749,51,1947,2894,1279,crossed_legs_left,21,Male,65kg
1750,48,1943,2903,1199,crossed_legs_left,21,Male,65kg
1751,0,2150,2213,1625,crossed_legs_right,21,Male,65kg
1752,1122,0,1250,2513,crossed_legs_right,21,Male,65kg
1753,887,0,1594,2515,crossed_legs_right,21,Male,65kg
1754,880,0,1621,2525,crossed_legs_right,21,Male,65kg
1755,831,0,1625,2525,crossed_legs_right,21,Male,65kg
1756,818,0,1616,2583,crossed_legs_right,21,Male,65kg
1757,841,0,1582,2608,crossed_legs_right,21,Male,65kg
1758,835,0,1610,2608,crossed_legs_right,21,Male,65kg
1759,832,0,1687,2551,crossed_legs_right,21,Male,65kg
1760,817,0,1633,2599,crossed_legs_right,21,Male,65kg
1761,796,0,1661,2591,crossed_legs_right,21,Male,65kg
1762,806,0,1644,2617,crossed_legs_right,21,Male,65kg
1763,813,0,1660,2559,crossed_legs_right,21,Male,65kg
1764,816,0,1659,2608,crossed_legs_right,21,Male,65kg
1765,815,0,1680,2622,crossed_legs_right,21,Male,65kg
1766,836,0,1675,2608,crossed_legs_right,21,Male,65kg
1767,816,0,1678,2559,crossed_legs_right,21,Male,65kg
1768,816,0,1706,2585,crossed_legs_right,21,Male,65kg
1769,816,0,1710,2602,crossed_legs_right,21,Male,65kg
1770,815,0,1699,2592,crossed_legs_right,21,Male,65kg
1771,826,0,1702,2559,crossed_legs_right,21,Male,65kg
1772,826,0,1703,2559,crossed_legs_right,21,Male,65kg
1773,815,0,1709,2559,crossed_legs_right,21,Male,65kg
1774,816,0,1702,2559,crossed_legs_right,21,Male,65kg
1775,838,0,1702,2598,crossed_legs_right,21,Male,65kg
1776,847,0,1711,2582,crossed_legs_right,21,Male,65kg
1777,822,0,1701,2559,crossed_legs_right,21,Male,65kg
1778,822,0,1719,2559,crossed_legs_right,21,Male,65kg
1779,821,0,1713,2582,crossed_legs_right,21,Male,65kg
1780,813,0,1712,2591,crossed_legs_right,21,Male,65kg
1781,821,0,1718,2559,crossed_legs_right,21,Male,65kg
1782,815,0,1722,2595,crossed_legs_right,21,Male,65kg
1783,820,0,1715,2594,crossed_legs_right,21,Male,65kg
1784,810,0,1719,2599,crossed_legs_right,21,Male,65kg
1785,815,0,1727,2587,crossed_legs_right,21,Male,65kg
1786,798,0,1712,2603,crossed_legs_right,21,Male,65kg
1787,799,0,1712,2603,crossed_legs_right,21,Male,65kg
1788,793,0,1723,2597,crossed_legs_right,21,Male,65kg
1789,824,0,1718,2608,crossed_legs_right,21,Male,65kg
1790,822,0,1713,2602,crossed_legs_right,21,Male,65kg
1791,814,0,1724,2603,crossed_legs_right,21,Male,65kg
1792,833,0,1722,2618,crossed_legs_right,21,Male,65kg
1793,814,0,1724,2622,crossed_legs_right,21,Male,65kg
1794,819,0,1728,2607,crossed_legs_right,21,Male,65kg
1795,837,0,1719,2614,crossed_legs_right,21,Male,65kg
1796,820,0,1712,2622,crossed_legs_right,21,Male,65kg
1797,803,0,1707,2608,crossed_legs_right,21,Male,65kg
1798,823,0,1717,2609,crossed_legs_right,21,Male,65kg
1799,814,0,1709,2619,crossed_legs_right,21,Male,65kg
1800,832,0,1717,2614,crossed_legs_right,21,Male,65kg
1801,858,0,1701,2613,crossed_legs_right,21,Male,65kg
1802,818,0,1714,2626,crossed_legs_right,21,Male,65kg
1803,814,0,1718,2614,crossed_legs_right,21,Male,65kg
1804,818,0,1706,2614,crossed_legs_right,21,Male,65kg
1805,839,0,1705,2624,crossed_legs_right,21,Male,65kg
1806,818,0,1702,2623,crossed_legs_right,21,Male,65kg
1807,827,0,1712,2623,crossed_legs_right,21,Male,65kg
1808,816,0,1701,2626,crossed_legs_right,21,Male,65kg
1809,800,0,1698,2631,crossed_legs_right,21,Male,65kg
1810,834,0,1802,2615,crossed_legs_right,21,Male,65kg
1811,861,0,1728,2599,crossed_legs_right,21,Male,65kg
1812,907,0,1717,2588,crossed_legs_right,21,Male,65kg
1813,935,0,1742,2581,crossed_legs_right,21,Male,65kg
1814,912,0,1712,2585,crossed_legs_right,21,Male,65kg
1815,912,0,1699,2559,crossed_legs_right,21,Male,65kg
1816,923,0,1729,2551,crossed_legs_right,21,Male,65kg
1817,938,0,1722,2548,crossed_legs_right,21,Male,65kg
1818,976,0,1699,2547,crossed_legs_right,21,Male,65kg
1819,959,0,1721,2586,crossed_legs_right,21,Male,65kg
1820,951,0,1714,2581,crossed_legs_right,21,Male,65kg
1821,957,0,1714,2604,crossed_legs_right,21,Male,65kg
1822,963,0,1715,2591,crossed_legs_right,21,Male,65kg
1823,951,0,1714,2602,crossed_legs_right,21,Male,65kg
1824,943,0,1698,2559,crossed_legs_right,21,Male,65kg
1825,967,0,1717,2597,crossed_legs_right,21,Male,65kg
1826,981,0,1733,2599,crossed_legs_right,21,Male,65kg
1827,983,0,1731,2585,crossed_legs_right,21,Male,65kg
1828,976,0,1739,2594,crossed_legs_right,21,Male,65kg
1829,986,0,1723,2608,crossed_legs_right,21,Male,65kg
1830,976,0,1722,2608,crossed_legs_right,21,Male,65kg
1831,979,0,1725,2611,crossed_legs_right,21,Male,65kg
1832,978,0,1723,2614,crossed_legs_right,21,Male,65kg
1833,970,0,1731,2608,crossed_legs_right,21,Male,65kg
1834,960,0,1724,2608,crossed_legs_right,21,Male,65kg
1835,961,0,1730,2613,crossed_legs_right,21,Male,65kg
1836,953,0,1730,2614,crossed_legs_right,21,Male,65kg
1837,951,0,1744,2605,crossed_legs_right,21,Male,65kg
1838,967,0,1715,2608,crossed_legs_right,21,Male,65kg
1839,947,0,1726,2619,crossed_legs_right,21,Male,65kg
1840,961,0,1734,2608,crossed_legs_right,21,Male,65kg
1841,944,0,1729,2608,crossed_legs_right,21,Male,65kg
1842,960,0,1727,2608,crossed_legs_right,21,Male,65kg
1843,988,0,1728,2596,crossed_legs_right,21,Male,65kg
1844,978,0,1749,2606,crossed_legs_right,21,Male,65kg
1845,970,0,1744,2603,crossed_legs_right,21,Male,65kg
1846,987,0,1799,2594,crossed_legs_right,21,Male,65kg
1847,983,0,1827,2542,crossed_legs_right,21,Male,65kg
1848,1015,0,1808,2581,crossed_legs_right,21,Male,65kg
1849,1008,0,1808,2590,crossed_legs_right,21,Male,65kg
1850,1015,0,1841,2583,crossed_legs_right,21,Male,65kg
1851,1023,0,1840,2559,crossed_legs_right,21,Male,65kg
1852,1041,0,1837,2590,crossed_legs_right,21,Male,65kg
1853,1054,0,1824,2591,crossed_legs_right,21,Male,65kg
1854,1072,0,1837,2591,crossed_legs_right,21,Male,65kg
1855,1072,0,1828,2602,crossed_legs_right,21,Male,65kg
1856,1070,0,1833,2597,crossed_legs_right,21,Male,65kg
1857,1065,0,1840,2591,crossed_legs_right,21,Male,65kg
1858,1071,0,1837,2597,crossed_legs_right,21,Male,65kg
1859,1072,0,1839,2597,crossed_legs_right,21,Male,65kg
1860,1060,0,1835,2603,crossed_legs_right,21,Male,65kg
1861,1057,0,1835,2592,crossed_legs_right,21,Male,65kg
1862,1072,0,1835,2597,crossed_legs_right,21,Male,65kg
1863,1067,0,1798,2598,crossed_legs_right,21,Male,65kg
1864,1080,0,1828,2586,crossed_legs_right,21,Male,65kg
1865,1082,0,1829,2589,crossed_legs_right,21,Male,65kg
1866,1062,0,1819,2592,crossed_legs_right,21,Male,65kg
1867,1067,0,1811,2604,crossed_legs_right,21,Male,65kg
1868,1070,0,1791,2598,crossed_legs_right,21,Male,65kg
1869,1081,0,1825,2596,crossed_legs_right,21,Male,65kg
1870,1070,0,1837,2594,crossed_legs_right,21,Male,65kg
1871,1067,0,1853,2595,crossed_legs_right,21,Male,65kg
1872,1094,0,1831,2557,crossed_legs_right,21,Male,65kg
1873,1093,0,1833,2557,crossed_legs_right,21,Male,65kg
1874,1063,0,1837,2559,crossed_legs_right,21,Male,65kg
1875,1072,0,1837,2559,crossed_legs_right,21,Male,65kg
1876,1095,0,1824,2559,crossed_legs_right,21,Male,65kg
1877,1083,0,1824,2582,crossed_legs_right,21,Male,65kg
1878,1084,0,1840,2559,crossed_legs_right,21,Male,65kg
1879,1074,0,1826,2559,crossed_legs_right,21,Male,65kg
1880,1086,0,1823,2581,crossed_legs_right,21,Male,65kg
1881,1072,0,1821,2559,crossed_legs_right,21,Male,65kg
1882,1075,0,1816,2559,crossed_legs_right,21,Male,65kg
1883,1068,0,1813,2559,crossed_legs_right,21,Male,65kg
1884,1069,0,1822,2559,crossed_legs_right,21,Male,65kg
1885,1074,0,1817,2559,crossed_legs_right,21,Male,65kg
1886,1072,0,1818,2559,crossed_legs_right,21,Male,65kg
1887,1078,0,1818,2559,crossed_legs_right,21,Male,65kg
1888,1070,0,1821,2559,crossed_legs_right,21,Male,65kg
1889,1077,0,1821,2559,crossed_legs_right,21,Male,65kg
1890,1088,0,1825,2559,crossed_legs_right,21,Male,65kg
1891,1076,0,1825,2559,crossed_legs_right,21,Male,65kg
1892,1079,0,1831,2559,crossed_legs_right,21,Male,65kg
1893,1079,0,1831,2583,crossed_legs_right,21,Male,65kg
1894,1072,0,1833,2559,crossed_legs_right,21,Male,65kg
1895,1074,0,1824,2559,crossed_legs_right,21,Male,65kg
1896,1078,0,1835,2559,crossed_legs_right,21,Male,65kg
1897,1089,0,1835,2559,crossed_legs_right,21,Male,65kg
1898,1079,0,1835,2559,crossed_legs_right,21,Male,65kg
1899,1082,0,1829,2554,crossed_legs_right,21,Male,65kg
1900,1067,0,1831,2559,crossed_legs_right,21,Male,65kg
1901,1085,0,1839,2559,crossed_legs_right,21,Male,65kg
1902,1098,0,1831,2559,crossed_legs_right,21,Male,65kg
1903,1088,0,1841,2559,crossed_legs_right,21,Male,65kg
1904,1092,0,1840,2559,crossed_legs_right,21,Male,65kg
1905,1104,0,1848,2559,crossed_legs_right,21,Male,65kg
1906,1099,0,1839,2583,crossed_legs_right,21,Male,65kg
1907,1094,0,1817,2559,crossed_legs_right,21,Male,65kg
1908,1069,0,1855,2587,crossed_legs_right,21,Male,65kg
1909,1081,0,1845,2586,crossed_legs_right,21,Male,65kg
1910,1093,0,1838,2559,crossed_legs_right,21,Male,65kg
1911,1088,0,1891,2531,crossed_legs_right,21,Male,65kg
1912,1079,0,1841,2559,crossed_legs_right,21,Male,65kg
1913,1095,0,1855,2559,crossed_legs_right,21,Male,65kg
1914,1107,0,1843,2559,crossed_legs_right,21,Male,65kg
1915,1106,0,1857,2559,crossed_legs_right,21,Male,65kg
1916,1102,0,1851,2559,crossed_legs_right,21,Male,65kg
1917,1094,0,1857,2559,crossed_legs_right,21,Male,65kg
1918,1118,0,1843,2559,crossed_legs_right,21,Male,65kg
1919,1115,0,1842,2559,crossed_legs_right,21,Male,65kg
1920,1100,0,1841,2559,crossed_legs_right,21,Male,65kg
1921,1097,0,1851,2559,crossed_legs_right,21,Male,65kg
1922,1110,0,1845,2559,crossed_legs_right,21,Male,65kg
1923,1110,0,1841,2581,crossed_legs_right,21,Male,65kg
1924,1095,0,1845,2559,crossed_legs_right,21,Male,65kg
1925,1082,0,1826,2559,crossed_legs_right,21,Male,65kg
1926,1114,0,1850,2559,crossed_legs_right,21,Male,65kg
1927,1104,0,1840,2587,crossed_legs_right,21,Male,65kg
1928,1101,0,1852,2581,crossed_legs_right,21,Male,65kg
1929,1108,0,1851,2559,crossed_legs_right,21,Male,65kg
1930,1093,0,1850,2559,crossed_legs_right,21,Male,65kg
1931,1098,0,1844,2559,crossed_legs_right,21,Male,65kg
1932,1104,0,1842,2559,crossed_legs_right,21,Male,65kg
1933,1101,0,1837,2559,crossed_legs_right,21,Male,65kg
1934,1088,0,1847,2589,crossed_legs_right,21,Male,65kg
1935,1104,0,1846,2559,crossed_legs_right,21,Male,65kg
1936,1105,0,1847,2586,crossed_legs_right,21,Male,65kg
1937,1107,0,1856,2559,crossed_legs_right,21,Male,65kg
1938,1104,0,1862,2586,crossed_legs_right,21,Male,65kg
1939,1111,0,1853,2584,crossed_legs_right,21,Male,65kg
1940,1106,0,1855,2582,crossed_legs_right,21,Male,65kg
1941,1104,0,1850,2583,crossed_legs_right,21,Male,65kg
1942,1101,0,1854,2559,crossed_legs_right,21,Male,65kg
1943,1102,0,1856,2559,crossed_legs_right,21,Male,65kg
1944,1114,0,1872,2559,crossed_legs_right,21,Male,65kg
1945,1099,0,1900,2559,crossed_legs_right,21,Male,65kg
1946,1078,0,1887,2559,crossed_legs_right,21,Male,65kg
1947,1088,0,1856,2559,crossed_legs_right,21,Male,65kg
1948,1115,0,1857,2559,crossed_legs_right,21,Male,65kg
1949,1119,0,1865,2559,crossed_legs_right,21,Male,65kg
1950,1104,0,1885,2559,crossed_legs_right,21,Male,65kg
1951,1103,0,1882,2582,crossed_legs_right,21,Male,65kg
1952,1121,0,1872,2595,crossed_legs_right,21,Male,65kg
1953,1119,0,1869,2591,crossed_legs_right,21,Male,65kg
1954,1104,0,1872,2592,crossed_legs_right,21,Male,65kg
1955,1110,0,1871,2581,crossed_legs_right,21,Male,65kg
1956,1098,0,1872,2559,crossed_legs_right,21,Male,65kg
1957,1127,0,1872,2592,crossed_legs_right,21,Male,65kg
1958,1119,0,1877,2593,crossed_legs_right,21,Male,65kg
1959,1110,0,1875,2590,crossed_legs_right,21,Male,65kg
1960,1118,0,1873,2591,crossed_legs_right,21,Male,65kg
1961,1133,0,1884,2587,crossed_legs_right,21,Male,65kg
1962,1161,0,1894,2586,crossed_legs_right,21,Male,65kg
1963,1111,0,1887,2585,crossed_legs_right,21,Male,65kg
1964,1126,0,1889,2582,crossed_legs_right,21,Male,65kg
1965,1133,0,1885,2590,crossed_legs_right,21,Male,65kg
1966,1134,0,1873,2585,crossed_legs_right,21,Male,65kg
1967,1118,0,1872,2559,crossed_legs_right,21,Male,65kg
1968,1126,0,1884,2582,crossed_legs_right,21,Male,65kg
1969,1114,0,1883,2586,crossed_legs_right,21,Male,65kg
1970,1127,0,1872,2583,crossed_legs_right,21,Male,65kg
1971,1122,0,1882,2582,crossed_legs_right,21,Male,65kg
1972,1125,0,1888,2587,crossed_legs_right,21,Male,65kg
1973,1110,0,1871,2579,crossed_legs_right,21,Male,65kg
1974,1136,0,1876,2587,crossed_legs_right,21,Male,65kg
1975,1136,0,1872,2586,crossed_legs_right,21,Male,65kg
1976,1116,0,1867,2559,crossed_legs_right,21,Male,65kg
1977,1127,0,1870,2559,crossed_legs_right,21,Male,65kg
1978,1127,0,1863,2592,crossed_legs_right,21,Male,65kg
1979,1140,0,1872,2559,crossed_legs_right,21,Male,65kg
1980,1130,0,1871,2593,crossed_legs_right,21,Male,65kg
1981,1124,0,1878,2586,crossed_legs_right,21,Male,65kg
1982,1138,0,1879,2590,crossed_legs_right,21,Male,65kg
1983,1135,0,1882,2559,crossed_legs_right,21,Male,65kg
1984,1129,0,1890,2590,crossed_legs_right,21,Male,65kg
1985,1127,0,1889,2559,crossed_legs_right,21,Male,65kg
1986,1136,0,1890,2581,crossed_legs_right,21,Male,65kg
1987,1131,0,1881,2559,crossed_legs_right,21,Male,65kg
1988,1119,0,1879,2586,crossed_legs_right,21,Male,65kg
1989,1104,0,1878,2559,crossed_legs_right,21,Male,65kg
1990,1121,0,1871,2559,crossed_legs_right,21,Male,65kg
1991,1125,0,1861,2559,crossed_legs_right,21,Male,65kg
1992,1124,0,1869,2559,crossed_legs_right,21,Male,65kg
1993,1136,0,1889,2559,crossed_legs_right,21,Male,65kg
1994,1115,0,1889,2580,crossed_legs_right,21,Male,65kg
1995,1138,0,1886,2559,crossed_legs_right,21,Male,65kg
1996,1129,0,1890,2586,crossed_legs_right,21,Male,65kg
1997,1138,0,1887,2559,crossed_legs_right,21,Male,65kg
1998,1136,0,1892,2588,crossed_legs_right,21,Male,65kg
1999,1137,0,1902,2559,crossed_legs_right,21,Male,65kg
2000,1138,0,1902,2580,crossed_legs_right,21,Male,65kg
2001,1141,0,1892,2585,straight,21,Male,65kg
