,fsr1,fsr2,fsr3,fsr4,posture,age,gender,weight
1,2505,787,2255,2380,straight,21,Male,65kg
2,2498,749,2237,2367,straight,21,Male,65kg
3,2507,819,2197,2352,straight,21,Male,65kg
4,2512,791,2150,2331,straight,21,Male,65kg
5,2512,777,2143,2327,straight,21,Male,65kg
6,2517,782,2176,2346,straight,21,Male,65kg
7,2525,835,2142,2333,straight,21,Male,65kg
8,2512,780,2225,2368,straight,21,Male,65kg
9,2511,793,2215,2363,straight,21,Male,65kg
10,2503,726,2229,2366,straight,21,Male,65kg
11,2519,528,2247,2383,straight,21,Male,65kg
12,2479,557,2257,2368,straight,21,Male,65kg
13,2501,570,2306,2403,straight,21,Male,65kg
14,2512,704,2293,2402,straight,21,Male,65kg
15,2512,663,2314,2413,straight,21,Male,65kg
16,2514,578,2306,2410,straight,21,Male,65kg
17,2492,572,2290,2391,straight,21,Male,65kg
18,2516,611,2287,2401,straight,21,Male,65kg
19,2483,585,2274,2378,straight,21,Male,65kg
20,2510,590,2240,2375,straight,21,Male,65kg
21,2512,624,2269,2390,straight,21,Male,65kg
22,2486,592,2272,2379,straight,21,Male,65kg
23,2491,671,2288,2389,straight,21,Male,65kg
24,2522,694,2288,2405,straight,21,Male,65kg
25,2482,692,2294,2388,straight,21,Male,65kg
26,2481,734,2288,2384,straight,21,Male,65kg
27,2494,739,2277,2385,straight,21,Male,65kg
28,2514,699,2278,2396,straight,21,Male,65kg
29,2507,752,2255,2381,straight,21,Male,65kg
30,2528,767,2251,2389,straight,21,Male,65kg
31,2528,662,2272,2400,straight,21,Male,65kg
32,2512,698,2251,2381,straight,21,Male,65kg
33,2538,783,2262,2400,straight,21,Male,65kg
34,2546,738,2246,2396,straight,21,Male,65kg
35,2551,763,2021,2286,straight,21,Male,65kg
36,2535,855,1957,2246,straight,21,Male,65kg
37,2544,896,1954,2249,straight,21,Male,65kg
38,2559,858,2103,2331,straight,21,Male,65kg
39,2559,910,2109,2334,straight,21,Male,65kg
40,2586,916,2095,2340,straight,21,Male,65kg
41,2581,906,2141,2361,straight,21,Male,65kg
42,2535,838,2106,2320,straight,21,Male,65kg
43,2581,818,2141,2361,straight,21,Male,65kg
44,2550,833,2121,2335,straight,21,Male,65kg
45,2559,853,2129,2344,straight,21,Male,65kg
46,2579,889,2130,2354,straight,21,Male,65kg
47,2559,907,2128,2343,straight,21,Male,65kg
48,2585,875,2134,2359,straight,21,Male,65kg
49,2557,844,2131,2344,straight,21,Male,65kg
50,2580,871,2150,2365,straight,21,Male,65kg
51,2559,821,2134,2346,straight,21,Male,65kg
52,2559,858,2133,2346,straight,21,Male,65kg
53,2548,819,2130,2339,straight,21,Male,65kg
54,2540,774,2135,2337,straight,21,Male,65kg
55,2547,781,2151,2349,straight,21,Male,65kg
56,2559,675,2173,2366,straight,21,Male,65kg
57,2544,675,2202,2373,straight,21,Male,65kg
58,2554,800,2322,2438,straight,21,Male,65kg
59,2559,812,2356,2457,straight,21,Male,65kg
60,2545,831,2354,2449,straight,21,Male,65kg
61,2548,834,2327,2437,straight,21,Male,65kg
62,2559,800,2352,2455,straight,21,Male,65kg
63,2549,803,2345,2447,straight,21,Male,65kg
64,2544,841,2306,2425,straight,21,Male,65kg
65,2547,838,2279,2413,straight,21,Male,65kg
66,2546,865,2293,2419,straight,21,Male,65kg
67,2544,835,2288,2416,straight,21,Male,65kg
68,2544,852,2294,2419,straight,21,Male,65kg
69,2559,827,2278,2418,straight,21,Male,65kg
70,2559,764,2271,2415,straight,21,Male,65kg
71,2559,758,2253,2406,straight,21,Male,65kg
72,2559,734,2210,2384,straight,21,Male,65kg
73,2608,907,2077,2342,straight,21,Male,65kg
74,2625,832,2082,2353,straight,21,Male,65kg
75,2559,885,2277,2418,straight,21,Male,65kg
76,2559,883,2256,2407,straight,21,Male,65kg
77,2559,921,2269,2414,straight,21,Male,65kg
78,2590,901,2241,2415,straight,21,Male,65kg
79,2607,902,2252,2429,straight,21,Male,65kg
80,2559,961,2295,2427,straight,21,Male,65kg
81,2597,965,2255,2426,straight,21,Male,65kg
82,2559,983,2256,2407,straight,21,Male,65kg
83,2559,977,2258,2408,straight,21,Male,65kg
84,2582,1005,2255,2418,straight,21,Male,65kg
85,2559,986,2273,2416,straight,21,Male,65kg
86,2597,835,2267,2432,straight,21,Male,65kg
87,2587,857,2260,2423,straight,21,Male,65kg
88,2559,853,2259,2409,straight,21,Male,65kg
89,2559,863,2218,2388,straight,21,Male,65kg
90,2593,845,2275,2434,straight,21,Male,65kg
91,1648,894,2346,1997,straight,21,Male,65kg
92,1104,957,2394,1749,straight,21,Male,65kg
93,1071,1088,1779,1425,straight,21,Male,65kg
94,2000,0,843,1421,straight,21,Male,65kg
95,2350,1200,1524,1937,straight,21,Male,65kg
96,2324,1204,1834,2079,straight,21,Male,65kg
97,2368,908,1859,2113,straight,21,Male,65kg
98,2355,871,1898,2126,straight,21,Male,65kg
99,2359,880,1904,2131,straight,21,Male,65kg
100,2378,918,1911,2144,straight,21,Male,65kg
101,2369,875,1905,2137,lean_forward,21,Male,65kg
102,2373,973,1939,2156,lean_forward,21,Male,65kg
103,2402,1411,1969,2185,lean_forward,21,Male,65kg
104,2426,1697,1877,2151,lean_forward,21,Male,65kg
105,2467,1837,1953,2210,lean_forward,21,Male,65kg
106,2529,1871,1933,2231,lean_forward,21,Male,65kg
107,2508,1840,1925,2216,lean_forward,21,Male,65kg
108,2538,1904,1904,2221,lean_forward,21,Male,65kg
109,2527,1925,1737,2132,lean_forward,21,Male,65kg
110,2462,1755,1300,1881,lean_forward,21,Male,65kg
111,2402,752,1335,1868,lean_forward,21,Male,65kg
112,2412,878,1354,1883,lean_forward,21,Male,65kg
113,2421,1021,1375,1898,lean_forward,21,Male,65kg
114,2422,1006,1381,1901,lean_forward,21,Male,65kg
115,2439,1062,1408,1923,lean_forward,21,Male,65kg
116,2426,1023,1405,1915,lean_forward,21,Male,65kg
117,2581,1823,1431,2006,lean_forward,21,Male,65kg
118,2425,1429,1489,1957,lean_forward,21,Male,65kg
119,2383,1090,1362,1872,lean_forward,21,Male,65kg
120,2324,1110,1331,1827,lean_forward,21,Male,65kg
121,2287,1099,1307,1797,lean_forward,21,Male,65kg
122,2253,1095,1333,1793,lean_forward,21,Male,65kg
123,2294,1103,1363,1828,lean_forward,21,Male,65kg
124,2293,1093,1329,1811,lean_forward,21,Male,65kg
125,2273,1061,1343,1808,lean_forward,21,Male,65kg
126,2202,1227,1277,1739,lean_forward,21,Male,65kg
127,2176,1202,1274,1725,lean_forward,21,Male,65kg
128,2212,1232,1289,1750,lean_forward,21,Male,65kg
129,2323,1402,1515,1919,lean_forward,21,Male,65kg
130,2435,1844,1834,2134,lean_forward,21,Male,65kg
131,2426,1623,1686,2056,lean_forward,21,Male,65kg
132,2265,1927,1706,1985,lean_forward,21,Male,65kg
133,2192,1839,1765,1978,lean_forward,21,Male,65kg
134,2190,1906,1707,1948,lean_forward,21,Male,65kg
135,2192,1741,1763,1977,lean_forward,21,Male,65kg
136,2158,1702,1715,1936,lean_forward,21,Male,65kg
137,2176,1757,1727,1951,lean_forward,21,Male,65kg
138,2192,1753,1712,1952,lean_forward,21,Male,65kg
139,2160,1717,1702,1931,lean_forward,21,Male,65kg
140,2211,1706,1489,1850,lean_forward,21,Male,65kg
141,2198,1830,1677,1937,lean_forward,21,Male,65kg
142,2145,1335,1614,1879,lean_forward,21,Male,65kg
143,2117,1264,1618,1867,lean_forward,21,Male,65kg
144,2141,1267,1657,1899,lean_forward,21,Male,65kg
145,2189,2087,1414,1801,lean_forward,21,Male,65kg
146,2192,1918,1364,1778,lean_forward,21,Male,65kg
147,2181,1890,1450,1815,lean_forward,21,Male,65kg
148,2209,1392,1360,1784,lean_forward,21,Male,65kg
149,2187,1352,1391,1789,lean_forward,21,Male,65kg
150,2224,1363,1415,1819,lean_forward,21,Male,65kg
151,2213,1379,1424,1818,lean_forward,21,Male,65kg
152,2224,1393,1415,1819,lean_forward,21,Male,65kg
153,2240,1399,1433,1836,lean_forward,21,Male,65kg
154,2234,1402,1414,1824,lean_forward,21,Male,65kg
155,2259,1401,1438,1848,lean_forward,21,Male,65kg
156,2237,1383,1465,1851,lean_forward,21,Male,65kg
157,2256,1409,1457,1856,lean_forward,21,Male,65kg
158,2256,1394,1443,1849,lean_forward,21,Male,65kg
159,2239,1394,1456,1847,lean_forward,21,Male,65kg
160,2320,2126,1659,1989,lean_forward,21,Male,65kg
161,2355,2184,1877,2116,lean_forward,21,Male,65kg
162,2369,2195,1919,2144,lean_forward,21,Male,65kg
163,2371,1821,1968,2169,lean_forward,21,Male,65kg
164,2413,1923,1919,2166,lean_forward,21,Male,65kg
165,2415,2033,1967,2191,lean_forward,21,Male,65kg
166,2382,2055,1890,2136,lean_forward,21,Male,65kg
167,2285,1171,1691,1988,lean_forward,21,Male,65kg
168,2255,1168,1712,1983,lean_forward,21,Male,65kg
169,2239,1154,1666,1952,lean_forward,21,Male,65kg
170,2179,1151,1671,1925,lean_forward,21,Male,65kg
171,2167,1179,1673,1920,lean_forward,21,Male,65kg
172,2147,1165,1649,1898,lean_forward,21,Male,65kg
173,2154,1183,1677,1915,lean_forward,21,Male,65kg
174,2174,1243,1667,1920,lean_forward,21,Male,65kg
175,2155,1246,1701,1928,lean_forward,21,Male,65kg
176,2128,1731,1718,1923,lean_forward,21,Male,65kg
177,2195,1328,1648,1921,lean_forward,21,Male,65kg
178,2192,1287,1649,1920,lean_forward,21,Male,65kg
179,2238,1482,1412,1825,lean_forward,21,Male,65kg
180,2269,1351,1584,1926,lean_forward,21,Male,65kg
181,2274,1391,1598,1936,lean_forward,21,Male,65kg
182,2268,1359,1629,1948,lean_forward,21,Male,65kg
183,2323,1417,1584,1953,lean_forward,21,Male,65kg
184,2316,1391,1626,1971,lean_forward,21,Male,65kg
185,2325,1296,1563,1944,lean_forward,21,Male,65kg
186,2339,1381,1618,1978,lean_forward,21,Male,65kg
187,2323,1291,1671,1997,lean_forward,21,Male,65kg
188,2330,1326,1742,2036,lean_forward,21,Male,65kg
189,2327,1329,1734,2030,lean_forward,21,Male,65kg
190,2351,1331,1759,2055,lean_forward,21,Male,65kg
191,2326,1326,1749,2037,lean_forward,21,Male,65kg
192,2329,1301,1765,2047,lean_forward,21,Male,65kg
193,2349,1329,1782,2065,lean_forward,21,Male,65kg
194,2332,1326,1769,2050,lean_forward,21,Male,65kg
195,2351,1351,1757,2054,lean_forward,21,Male,65kg
196,2352,1357,1759,2055,lean_forward,21,Male,65kg
197,2365,1331,1750,2057,lean_forward,21,Male,65kg
198,2365,1342,1759,2062,lean_forward,21,Male,65kg
199,2355,1345,1747,2051,lean_forward,21,Male,65kg
200,2341,1360,1726,2033,lean_forward,21,Male,65kg
201,2347,1383,1680,2013,lean_backward,21,Male,65kg
202,2391,2113,1922,2156,lean_backward,21,Male,65kg
203,2004,891,1904,1954,lean_backward,21,Male,65kg
204,1744,0,1883,1813,lean_backward,21,Male,65kg
205,1459,195,1915,1687,lean_backward,21,Male,65kg
206,1409,410,1977,1693,lean_backward,21,Male,65kg
207,1360,338,1936,1648,lean_backward,21,Male,65kg
208,1299,336,1957,1628,lean_backward,21,Male,65kg
209,1313,358,1889,1601,lean_backward,21,Male,65kg
210,1354,368,1941,1647,lean_backward,21,Male,65kg
211,1485,405,2003,1744,lean_backward,21,Male,65kg
212,1658,394,2021,1839,lean_backward,21,Male,65kg
213,1561,432,2015,1788,lean_backward,21,Male,65kg
214,1462,415,2026,1744,lean_backward,21,Male,65kg
215,1373,449,2056,1714,lean_backward,21,Male,65kg
216,1360,384,2090,1725,lean_backward,21,Male,65kg
217,1574,464,2081,1827,lean_backward,21,Male,65kg
218,1590,442,2032,1811,lean_backward,21,Male,65kg
219,1622,487,1932,1777,lean_backward,21,Male,65kg
220,1712,493,1951,1831,lean_backward,21,Male,65kg
221,1718,470,1925,1821,lean_backward,21,Male,65kg
222,1745,496,1951,1848,lean_backward,21,Male,65kg
223,1744,527,1975,1859,lean_backward,21,Male,65kg
224,1728,511,1951,1839,lean_backward,21,Male,65kg
225,1741,497,1985,1863,lean_backward,21,Male,65kg
226,1765,548,1989,1877,lean_backward,21,Male,65kg
227,1798,543,2001,1899,lean_backward,21,Male,65kg
228,1767,536,1987,1877,lean_backward,21,Male,65kg
229,1781,535,1977,1879,lean_backward,21,Male,65kg
230,1776,542,1981,1878,lean_backward,21,Male,65kg
231,1806,544,2006,1906,lean_backward,21,Male,65kg
232,1795,533,2001,1898,lean_backward,21,Male,65kg
233,1761,533,2014,1887,lean_backward,21,Male,65kg
234,1805,526,2012,1908,lean_backward,21,Male,65kg
235,1819,509,1961,1890,lean_backward,21,Male,65kg
236,1830,526,1902,1866,lean_backward,21,Male,65kg
237,1876,566,1940,1908,lean_backward,21,Male,65kg
238,1945,592,1946,1945,lean_backward,21,Male,65kg
239,1904,362,2015,1959,lean_backward,21,Male,65kg
240,1918,464,1983,1950,lean_backward,21,Male,65kg
241,1962,533,2022,1992,lean_backward,21,Male,65kg
242,1957,537,2032,1994,lean_backward,21,Male,65kg
243,1971,549,2065,2018,lean_backward,21,Male,65kg
244,1954,546,2014,1984,lean_backward,21,Male,65kg
245,1744,549,2016,1880,lean_backward,21,Male,65kg
246,1740,535,2055,1897,lean_backward,21,Male,65kg
247,1733,463,2073,1903,lean_backward,21,Male,65kg
248,1648,528,2097,1872,lean_backward,21,Male,65kg
249,1680,506,2059,1869,lean_backward,21,Male,65kg
250,1650,463,1767,1708,lean_backward,21,Male,65kg
251,1599,454,1652,1625,lean_backward,21,Male,65kg
252,1281,297,1504,1392,lean_backward,21,Male,65kg
253,1306,351,1511,1408,lean_backward,21,Male,65kg
254,1281,308,1535,1408,lean_backward,21,Male,65kg
255,1287,320,1600,1443,lean_backward,21,Male,65kg
256,1310,305,1616,1463,lean_backward,21,Male,65kg
257,1407,291,1817,1612,lean_backward,21,Male,65kg
258,1677,336,1807,1742,lean_backward,21,Male,65kg
259,1779,304,2037,1908,lean_backward,21,Male,65kg
260,1779,451,2273,2026,lean_backward,21,Male,65kg
261,1802,478,2266,2034,lean_backward,21,Male,65kg
262,1789,502,2251,2020,lean_backward,21,Male,65kg
263,1785,511,2224,2004,lean_backward,21,Male,65kg
264,1776,538,2006,1891,lean_backward,21,Male,65kg
265,1820,455,2022,1921,lean_backward,21,Male,65kg
266,1854,449,2000,1927,lean_backward,21,Male,65kg
267,1888,464,2000,1944,lean_backward,21,Male,65kg
268,1887,364,2032,1959,lean_backward,21,Male,65kg
269,1926,410,2032,1979,lean_backward,21,Male,65kg
270,1930,439,2058,1994,lean_backward,21,Male,65kg
271,1947,507,2098,2022,lean_backward,21,Male,65kg
272,1933,527,2081,2007,lean_backward,21,Male,65kg
273,1957,591,2082,2019,lean_backward,21,Male,65kg
274,1856,560,2112,1984,lean_backward,21,Male,65kg
275,1936,582,2127,2031,lean_backward,21,Male,65kg
276,1867,608,2102,1984,lean_backward,21,Male,65kg
277,1990,619,2129,2059,lean_backward,21,Male,65kg
278,1968,608,2137,2052,lean_backward,21,Male,65kg
279,1980,624,2149,2064,lean_backward,21,Male,65kg
280,1862,586,2172,2017,lean_backward,21,Male,65kg
281,1891,557,2172,2031,lean_backward,21,Male,65kg
282,1886,565,2178,2032,lean_backward,21,Male,65kg
283,1898,576,2185,2041,lean_backward,21,Male,65kg
284,1893,557,2160,2026,lean_backward,21,Male,65kg
285,1904,576,2181,2042,lean_backward,21,Male,65kg
286,1872,528,2167,2019,lean_backward,21,Male,65kg
287,1872,535,2163,2017,lean_backward,21,Male,65kg
288,1904,550,2154,2029,lean_backward,21,Male,65kg
289,1909,563,2258,2083,lean_backward,21,Male,65kg
290,1901,511,2269,2085,lean_backward,21,Male,65kg
291,1899,511,2176,2037,lean_backward,21,Male,65kg
292,1950,537,2179,2064,lean_backward,21,Male,65kg
293,1939,531,2167,2053,lean_backward,21,Male,65kg
294,1889,511,2176,2032,lean_backward,21,Male,65kg
295,1907,503,2193,2050,lean_backward,21,Male,65kg
296,1846,491,2210,2028,lean_backward,21,Male,65kg
297,1889,526,2228,2058,lean_backward,21,Male,65kg
298,1889,511,2188,2038,lean_backward,21,Male,65kg
299,1865,474,2179,2022,lean_backward,21,Male,65kg
300,1849,482,2186,2017,lean_backward,21,Male,65kg
301,1854,511,2205,2029,lean_left,21,Male,65kg
302,2060,457,2130,2095,lean_left,21,Male,65kg
303,2250,485,1014,1632,lean_left,21,Male,65kg
304,2255,526,448,1351,lean_left,21,Male,65kg
305,2263,537,477,1370,lean_left,21,Male,65kg
306,2267,511,495,1381,lean_left,21,Male,65kg
307,2265,499,526,1395,lean_left,21,Male,65kg
308,2261,477,464,1362,lean_left,21,Male,65kg
309,2287,499,530,1408,lean_left,21,Male,65kg
310,2282,527,498,1390,lean_left,21,Male,65kg
311,2267,525,554,1410,lean_left,21,Male,65kg
312,2271,506,592,1431,lean_left,21,Male,65kg
313,2272,250,437,1354,lean_left,21,Male,65kg
314,2308,193,391,1349,lean_left,21,Male,65kg
315,2278,238,370,1324,lean_left,21,Male,65kg
316,2288,350,447,1367,lean_left,21,Male,65kg
317,2288,325,417,1352,lean_left,21,Male,65kg
318,2273,318,394,1333,lean_left,21,Male,65kg
319,2310,349,429,1369,lean_left,21,Male,65kg
320,2320,250,351,1335,lean_left,21,Male,65kg
321,2323,163,140,1231,lean_left,21,Male,65kg
322,2313,164,176,1244,lean_left,21,Male,65kg
323,2312,334,495,1403,lean_left,21,Male,65kg
324,2321,398,566,1443,lean_left,21,Male,65kg
325,2319,290,527,1423,lean_left,21,Male,65kg
326,2320,289,486,1403,lean_left,21,Male,65kg
327,2313,426,633,1473,lean_left,21,Male,65kg
328,2340,343,650,1495,lean_left,21,Male,65kg
329,2323,160,462,1392,lean_left,21,Male,65kg
330,2343,0,39,1191,lean_left,21,Male,65kg
331,2337,0,75,1206,lean_left,21,Male,65kg
332,2347,0,90,1218,lean_left,21,Male,65kg
333,2335,0,130,1232,lean_left,21,Male,65kg
334,2352,73,283,1317,lean_left,21,Male,65kg
335,2352,67,442,1397,lean_left,21,Male,65kg
336,2335,264,495,1415,lean_left,21,Male,65kg
337,2341,336,646,1493,lean_left,21,Male,65kg
338,2311,66,695,1503,lean_left,21,Male,65kg
339,2353,49,582,1467,lean_left,21,Male,65kg
340,2349,48,347,1348,lean_left,21,Male,65kg
341,2352,263,398,1375,lean_left,21,Male,65kg
342,2345,245,469,1407,lean_left,21,Male,65kg
343,2342,251,493,1417,lean_left,21,Male,65kg
344,2354,249,528,1441,lean_left,21,Male,65kg
345,2352,247,558,1455,lean_left,21,Male,65kg
346,2346,209,535,1440,lean_left,21,Male,65kg
347,2369,211,511,1440,lean_left,21,Male,65kg
348,2372,207,399,1385,lean_left,21,Male,65kg
349,2352,223,545,1448,lean_left,21,Male,65kg
350,2343,273,581,1462,lean_left,21,Male,65kg
351,2343,289,656,1499,lean_left,21,Male,65kg
352,2348,354,666,1507,lean_left,21,Male,65kg
353,2309,367,704,1506,lean_left,21,Male,65kg
354,2343,320,710,1526,lean_left,21,Male,65kg
355,2335,304,720,1527,lean_left,21,Male,65kg
356,2350,301,720,1535,lean_left,21,Male,65kg
357,2337,315,715,1526,lean_left,21,Male,65kg
358,2354,301,741,1547,lean_left,21,Male,65kg
359,2345,308,721,1533,lean_left,21,Male,65kg
360,2362,337,831,1596,lean_left,21,Male,65kg
361,2334,330,1052,1693,lean_left,21,Male,65kg
362,2349,395,1061,1705,lean_left,21,Male,65kg
363,2329,471,915,1622,lean_left,21,Male,65kg
364,2338,383,928,1633,lean_left,21,Male,65kg
365,2372,336,1017,1694,lean_left,21,Male,65kg
366,2376,434,938,1657,lean_left,21,Male,65kg
367,2388,443,847,1617,lean_left,21,Male,65kg
368,2385,435,869,1627,lean_left,21,Male,65kg
369,2385,464,917,1651,lean_left,21,Male,65kg
370,2401,479,916,1658,lean_left,21,Male,65kg
371,2402,464,949,1675,lean_left,21,Male,65kg
372,2368,449,807,1587,lean_left,21,Male,65kg
373,2378,471,780,1579,lean_left,21,Male,65kg
374,2371,496,746,1558,lean_left,21,Male,65kg
375,2406,509,801,1603,lean_left,21,Male,65kg
376,2384,511,816,1600,lean_left,21,Male,65kg
377,2391,510,756,1573,lean_left,21,Male,65kg
378,2384,525,845,1614,lean_left,21,Male,65kg
379,2383,528,863,1623,lean_left,21,Male,65kg
380,2386,505,798,1592,lean_left,21,Male,65kg
381,2378,538,745,1561,lean_left,21,Male,65kg
382,2383,528,812,1597,lean_left,21,Male,65kg
383,2395,494,816,1605,lean_left,21,Male,65kg
384,2390,511,773,1581,lean_left,21,Male,65kg
385,2391,527,844,1617,lean_left,21,Male,65kg
386,2407,506,720,1563,lean_left,21,Male,65kg
387,2368,413,859,1613,lean_left,21,Male,65kg
388,2386,119,790,1588,lean_left,21,Male,65kg
389,2396,53,642,1519,lean_left,21,Male,65kg
390,2398,145,669,1533,lean_left,21,Male,65kg
391,2396,475,698,1547,lean_left,21,Male,65kg
392,2290,493,767,1528,lean_left,21,Male,65kg
393,2273,465,720,1496,lean_left,21,Male,65kg
394,2320,497,0,1160,lean_left,21,Male,65kg
395,2317,470,0,1158,lean_left,21,Male,65kg
396,2321,483,0,1160,lean_left,21,Male,65kg
397,2298,562,0,1149,lean_left,21,Male,65kg
398,2314,580,0,1157,lean_left,21,Male,65kg
399,2306,585,66,1186,lean_left,21,Male,65kg
400,2320,579,84,1202,lean_left,21,Male,65kg
401,2307,599,83,1195,lean_right,21,Male,65kg
402,2278,530,713,1495,lean_right,21,Male,65kg
403,1610,688,2042,1826,lean_right,21,Male,65kg
404,1305,676,2291,1798,lean_right,21,Male,65kg
405,1386,815,2496,1941,lean_right,21,Male,65kg
406,1479,776,2480,1979,lean_right,21,Male,65kg
407,1469,727,2493,1981,lean_right,21,Male,65kg
408,1618,699,2513,2065,lean_right,21,Male,65kg
409,1573,635,2193,1883,lean_right,21,Male,65kg
410,1455,717,1926,1690,lean_right,21,Male,65kg
411,1496,647,1939,1717,lean_right,21,Male,65kg
412,1520,640,1965,1742,lean_right,21,Male,65kg
413,1568,650,1983,1775,lean_right,21,Male,65kg
414,1569,699,1999,1784,lean_right,21,Male,65kg
415,1535,594,2000,1767,lean_right,21,Male,65kg
416,1501,562,2001,1751,lean_right,21,Male,65kg
417,1506,629,1995,1750,lean_right,21,Male,65kg
418,1522,631,2022,1772,lean_right,21,Male,65kg
419,1506,673,2034,1770,lean_right,21,Male,65kg
420,1514,687,2021,1767,lean_right,21,Male,65kg
421,1535,679,2000,1767,lean_right,21,Male,65kg
422,1555,656,2035,1795,lean_right,21,Male,65kg
423,1555,643,2054,1804,lean_right,21,Male,65kg
424,1614,755,2384,1999,lean_right,21,Male,65kg
425,1617,682,2224,1920,lean_right,21,Male,65kg
426,1623,695,2024,1823,lean_right,21,Male,65kg
427,1594,691,2067,1830,lean_right,21,Male,65kg
428,1623,671,2063,1843,lean_right,21,Male,65kg
429,1664,909,2288,1976,lean_right,21,Male,65kg
430,1651,645,2096,1873,lean_right,21,Male,65kg
431,1721,739,2102,1911,lean_right,21,Male,65kg
432,1714,791,2076,1895,lean_right,21,Male,65kg
433,1561,816,2362,1961,lean_right,21,Male,65kg
434,1663,751,2401,2032,lean_right,21,Male,65kg
435,1702,789,2433,2067,lean_right,21,Male,65kg
436,1601,839,2441,2021,lean_right,21,Male,65kg
437,1669,802,2442,2055,lean_right,21,Male,65kg
438,1668,821,2444,2056,lean_right,21,Male,65kg
439,1709,828,2559,2134,lean_right,21,Male,65kg
440,1763,826,2550,2156,lean_right,21,Male,65kg
441,1808,845,2415,2111,lean_right,21,Male,65kg
442,1883,870,2506,2194,lean_right,21,Male,65kg
443,1847,842,2439,2143,lean_right,21,Male,65kg
444,1864,880,2455,2159,lean_right,21,Male,65kg
445,1899,836,2217,2058,lean_right,21,Male,65kg
446,1918,866,2123,2020,lean_right,21,Male,65kg
447,1922,833,2096,2009,lean_right,21,Male,65kg
448,1909,912,2164,2036,lean_right,21,Male,65kg
449,1915,720,2324,2119,lean_right,21,Male,65kg
450,1874,704,2409,2141,lean_right,21,Male,65kg
451,1915,869,2369,2142,lean_right,21,Male,65kg
452,1872,885,2480,2176,lean_right,21,Male,65kg
453,1926,912,2448,2187,lean_right,21,Male,65kg
454,1930,912,2463,2196,lean_right,21,Male,65kg
455,1936,891,2448,2192,lean_right,21,Male,65kg
456,1937,922,2432,2184,lean_right,21,Male,65kg
457,1936,907,2436,2186,lean_right,21,Male,65kg
458,1995,931,2474,2234,lean_right,21,Male,65kg
459,1978,867,2448,2213,lean_right,21,Male,65kg
460,1990,889,2480,2235,lean_right,21,Male,65kg
461,1946,874,2480,2213,lean_right,21,Male,65kg
462,533,976,2599,1566,lean_right,21,Male,65kg
463,1072,870,2135,1603,lean_right,21,Male,65kg
464,1605,817,2219,1912,lean_right,21,Male,65kg
465,1663,567,2239,1951,lean_right,21,Male,65kg
466,1535,705,2201,1868,lean_right,21,Male,65kg
467,1504,750,2227,1865,lean_right,21,Male,65kg
468,1521,747,2223,1872,lean_right,21,Male,65kg
469,1634,701,2224,1929,lean_right,21,Male,65kg
470,1558,720,2221,1889,lean_right,21,Male,65kg
471,1622,643,2234,1928,lean_right,21,Male,65kg
472,1587,531,2267,1927,lean_right,21,Male,65kg
473,1674,685,1869,1771,lean_right,21,Male,65kg
474,1483,722,2400,1941,lean_right,21,Male,65kg
475,1663,675,2000,1831,lean_right,21,Male,65kg
476,1681,752,2032,1856,lean_right,21,Male,65kg
477,1719,748,2073,1896,lean_right,21,Male,65kg
478,1671,751,2093,1882,lean_right,21,Male,65kg
479,1703,1380,2138,1920,lean_right,21,Male,65kg
480,1695,921,1808,1751,lean_right,21,Male,65kg
481,1702,797,1762,1732,lean_right,21,Male,65kg
482,1715,715,1885,1800,lean_right,21,Male,65kg
483,1693,669,1922,1807,lean_right,21,Male,65kg
484,1706,478,1974,1840,lean_right,21,Male,65kg
485,1744,685,1981,1862,lean_right,21,Male,65kg
486,1709,677,2121,1915,lean_right,21,Male,65kg
487,1664,605,2337,2000,lean_right,21,Male,65kg
488,1653,651,2338,1995,lean_right,21,Male,65kg
489,1645,670,2235,1940,lean_right,21,Male,65kg
490,1658,709,2201,1929,lean_right,21,Male,65kg
491,1694,726,2279,1986,lean_right,21,Male,65kg
492,1686,818,2289,1987,lean_right,21,Male,65kg
493,1689,820,2235,1962,lean_right,21,Male,65kg
494,1680,802,2210,1945,lean_right,21,Male,65kg
495,1662,827,2174,1918,lean_right,21,Male,65kg
496,1663,818,2115,1889,lean_right,21,Male,65kg
497,1731,806,2115,1923,lean_right,21,Male,65kg
498,1746,791,2127,1936,lean_right,21,Male,65kg
499,1748,802,2150,1949,lean_right,21,Male,65kg
500,1745,787,2139,1942,lean_right,21,Male,65kg
501,1734,783,2142,1938,hunched,21,Male,65kg
502,1733,787,2128,1930,hunched,21,Male,65kg
503,1733,742,2071,1902,hunched,21,Male,65kg
504,1881,596,725,1303,hunched,21,Male,65kg
505,1679,594,720,1199,hunched,21,Male,65kg
506,1764,795,944,1354,hunched,21,Male,65kg
507,1794,749,959,1376,hunched,21,Male,65kg
508,1802,747,970,1386,hunched,21,Male,65kg
509,1863,762,992,1427,hunched,21,Male,65kg
510,1899,790,1002,1450,hunched,21,Male,65kg
511,1901,879,1132,1516,hunched,21,Male,65kg
512,1901,874,1270,1585,hunched,21,Male,65kg
513,1969,1127,1363,1666,hunched,21,Male,65kg
514,1917,1101,1230,1573,hunched,21,Male,65kg
515,1967,1040,1670,1818,hunched,21,Male,65kg
516,2014,1110,1683,1848,hunched,21,Male,65kg
517,1926,880,1298,1612,hunched,21,Male,65kg
518,1931,897,1343,1637,hunched,21,Male,65kg
519,1922,943,1367,1644,hunched,21,Male,65kg
520,1949,947,1390,1669,hunched,21,Male,65kg
521,1965,944,1392,1678,hunched,21,Male,65kg
522,1979,960,1409,1694,hunched,21,Male,65kg
523,1968,955,1425,1696,hunched,21,Male,65kg
524,1975,962,1422,1698,hunched,21,Male,65kg
525,1947,945,1457,1702,hunched,21,Male,65kg
526,1969,957,1455,1712,hunched,21,Male,65kg
527,1966,953,1455,1710,hunched,21,Male,65kg
528,1969,979,1374,1671,hunched,21,Male,65kg
529,2003,887,1289,1646,hunched,21,Male,65kg
530,1970,706,1183,1576,hunched,21,Male,65kg
531,1959,749,1194,1576,hunched,21,Male,65kg
532,1954,755,1186,1570,hunched,21,Male,65kg
533,1958,773,1229,1593,hunched,21,Male,65kg
534,1904,907,1457,1680,hunched,21,Male,65kg
535,1873,822,1429,1651,hunched,21,Male,65kg
536,1888,859,1472,1680,hunched,21,Male,65kg
537,1906,887,1477,1691,hunched,21,Male,65kg
538,1840,895,1648,1744,hunched,21,Male,65kg
539,1851,982,1535,1693,hunched,21,Male,65kg
540,1887,725,1325,1606,hunched,21,Male,65kg
541,1882,927,1477,1679,hunched,21,Male,65kg
542,1857,923,1500,1678,hunched,21,Male,65kg
543,1854,1001,1568,1711,hunched,21,Male,65kg
544,1866,1042,1655,1760,hunched,21,Male,65kg
545,1871,999,1598,1734,hunched,21,Male,65kg
546,1904,819,1435,1669,hunched,21,Male,65kg
547,1911,881,1472,1691,hunched,21,Male,65kg
548,1887,875,1478,1682,hunched,21,Male,65kg
549,1901,880,1488,1694,hunched,21,Male,65kg
550,1891,863,1481,1686,hunched,21,Male,65kg
551,1899,868,1473,1686,hunched,21,Male,65kg
552,1895,883,1491,1693,hunched,21,Male,65kg
553,1921,723,1444,1682,hunched,21,Male,65kg
554,1905,725,1369,1637,hunched,21,Male,65kg
555,1883,725,1343,1613,hunched,21,Male,65kg
556,1661,677,1535,1598,hunched,21,Male,65kg
557,1709,659,1535,1622,hunched,21,Male,65kg
558,1773,659,1582,1677,hunched,21,Male,65kg
559,1818,713,1666,1742,hunched,21,Male,65kg
560,1812,626,1519,1665,hunched,21,Male,65kg
561,1781,638,1136,1458,hunched,21,Male,65kg
562,1809,642,1090,1449,hunched,21,Male,65kg
563,1875,663,1299,1587,hunched,21,Male,65kg
564,1930,777,1361,1645,hunched,21,Male,65kg
565,1919,852,1456,1687,hunched,21,Male,65kg
566,1782,621,1595,1688,hunched,21,Male,65kg
567,1807,656,1605,1706,hunched,21,Male,65kg
568,1826,686,1598,1712,hunched,21,Male,65kg
569,1854,704,1438,1646,hunched,21,Male,65kg
570,1845,625,1579,1712,hunched,21,Male,65kg
571,2042,1041,1647,1844,hunched,21,Male,65kg
572,1886,1131,1575,1730,hunched,21,Male,65kg
573,1931,1191,1727,1829,hunched,21,Male,65kg
574,1776,986,1535,1655,hunched,21,Male,65kg
575,1662,945,1477,1569,hunched,21,Male,65kg
576,1694,954,1495,1594,hunched,21,Male,65kg
577,1734,925,1522,1628,hunched,21,Male,65kg
578,1694,830,1516,1605,hunched,21,Male,65kg
579,1978,780,849,1413,hunched,21,Male,65kg
580,1954,1068,1102,1528,hunched,21,Male,65kg
581,1888,859,1294,1591,hunched,21,Male,65kg
582,1887,896,1341,1614,hunched,21,Male,65kg
583,1885,869,1360,1622,hunched,21,Male,65kg
584,1902,917,1351,1626,hunched,21,Male,65kg
585,2160,1456,1506,1833,hunched,21,Male,65kg
586,1799,1085,1958,1878,hunched,21,Male,65kg
587,1810,933,1890,1850,hunched,21,Male,65kg
588,1579,495,1735,1657,hunched,21,Male,65kg
589,1609,445,1650,1629,hunched,21,Male,65kg
590,1664,432,1634,1649,hunched,21,Male,65kg
591,1683,441,1648,1665,hunched,21,Male,65kg
592,1710,457,1655,1682,hunched,21,Male,65kg
593,1712,460,1682,1697,hunched,21,Male,65kg
594,1729,506,1637,1683,hunched,21,Male,65kg
595,1725,528,1584,1654,hunched,21,Male,65kg
596,1744,533,1645,1694,hunched,21,Male,65kg
597,1766,533,1632,1699,hunched,21,Male,65kg
598,1813,577,1600,1706,hunched,21,Male,65kg
599,1809,566,1617,1713,hunched,21,Male,65kg
600,1838,592,1615,1726,hunched,21,Male,65kg
601,1840,592,1650,1745,crossed_legs_left,21,Male,65kg
602,1853,631,1673,1763,crossed_legs_left,21,Male,65kg
603,1813,614,1635,1724,crossed_legs_left,21,Male,65kg
604,1751,626,1695,1723,crossed_legs_left,21,Male,65kg
605,1789,723,1994,1891,crossed_legs_left,21,Male,65kg
606,0,2019,1775,887,crossed_legs_left,21,Male,65kg
607,0,1766,1301,650,crossed_legs_left,21,Male,65kg
608,0,950,1051,525,crossed_legs_left,21,Male,65kg
609,0,983,1155,577,crossed_legs_left,21,Male,65kg
610,0,997,1357,678,crossed_legs_left,21,Male,65kg
611,0,942,1360,680,crossed_legs_left,21,Male,65kg
612,0,881,879,439,crossed_legs_left,21,Male,65kg
613,0,950,849,424,crossed_legs_left,21,Male,65kg
614,0,959,913,456,crossed_legs_left,21,Male,65kg
615,0,999,930,465,crossed_legs_left,21,Male,65kg
616,0,991,1005,502,crossed_legs_left,21,Male,65kg
617,0,1454,1402,701,crossed_legs_left,21,Male,65kg
618,0,1745,1596,798,crossed_legs_left,21,Male,65kg
619,0,1588,1643,821,crossed_legs_left,21,Male,65kg
620,0,1595,1584,792,crossed_legs_left,21,Male,65kg
621,0,1535,1616,808,crossed_legs_left,21,Male,65kg
622,0,1469,1575,787,crossed_legs_left,21,Male,65kg
623,0,1091,1511,755,crossed_legs_left,21,Male,65kg
624,0,1067,1572,786,crossed_legs_left,21,Male,65kg
625,0,1103,1573,786,crossed_legs_left,21,Male,65kg
626,0,1062,1584,792,crossed_legs_left,21,Male,65kg
627,0,1003,1584,792,crossed_legs_left,21,Male,65kg
628,0,981,1589,794,crossed_legs_left,21,Male,65kg
629,0,961,1606,803,crossed_legs_left,21,Male,65kg
630,0,985,1458,729,crossed_legs_left,21,Male,65kg
631,0,1342,1627,813,crossed_legs_left,21,Male,65kg
632,0,995,1648,824,crossed_legs_left,21,Male,65kg
633,0,903,1666,833,crossed_legs_left,21,Male,65kg
634,0,962,1490,745,crossed_legs_left,21,Male,65kg
635,0,784,1091,545,crossed_legs_left,21,Male,65kg
636,0,805,1120,560,crossed_legs_left,21,Male,65kg
637,0,779,1339,669,crossed_legs_left,21,Male,65kg
638,0,815,1394,697,crossed_legs_left,21,Male,65kg
639,0,885,1134,567,crossed_legs_left,21,Male,65kg
640,0,958,1422,711,crossed_legs_left,21,Male,65kg
641,0,983,1382,691,crossed_legs_left,21,Male,65kg
642,0,1003,1190,595,crossed_legs_left,21,Male,65kg
643,0,1015,1200,600,crossed_legs_left,21,Male,65kg
644,0,1040,1212,606,crossed_legs_left,21,Male,65kg
645,0,1013,1146,573,crossed_legs_left,21,Male,65kg
646,0,1008,1183,591,crossed_legs_left,21,Male,65kg
647,0,1053,1414,707,crossed_legs_left,21,Male,65kg
648,0,1034,1098,549,crossed_legs_left,21,Male,65kg
649,0,912,758,379,crossed_legs_left,21,Male,65kg
650,0,755,685,342,crossed_legs_left,21,Male,65kg
651,0,754,758,379,crossed_legs_left,21,Male,65kg
652,0,1102,704,352,crossed_legs_left,21,Male,65kg
653,0,1086,747,373,crossed_legs_left,21,Male,65kg
654,0,1188,783,391,crossed_legs_left,21,Male,65kg
655,0,1168,402,201,crossed_legs_left,21,Male,65kg
656,0,1234,478,239,crossed_legs_left,21,Male,65kg
657,0,1181,363,181,crossed_legs_left,21,Male,65kg
658,0,1197,370,185,crossed_legs_left,21,Male,65kg
659,0,1163,337,168,crossed_legs_left,21,Male,65kg
660,0,1097,363,181,crossed_legs_left,21,Male,65kg
661,0,986,398,199,crossed_legs_left,21,Male,65kg
662,0,972,377,188,crossed_legs_left,21,Male,65kg
663,0,962,371,185,crossed_legs_left,21,Male,65kg
664,0,944,341,170,crossed_legs_left,21,Male,65kg
665,0,945,322,161,crossed_legs_left,21,Male,65kg
666,0,949,323,161,crossed_legs_left,21,Male,65kg
667,0,938,341,170,crossed_legs_left,21,Male,65kg
668,0,928,342,171,crossed_legs_left,21,Male,65kg
669,0,943,448,224,crossed_legs_left,21,Male,65kg
670,0,959,461,230,crossed_legs_left,21,Male,65kg
671,0,1038,637,318,crossed_legs_left,21,Male,65kg
672,0,1040,580,290,crossed_legs_left,21,Male,65kg
673,0,1039,583,291,crossed_legs_left,21,Male,65kg
674,0,1063,595,297,crossed_legs_left,21,Male,65kg
675,0,1023,599,299,crossed_legs_left,21,Male,65kg
676,0,1022,592,296,crossed_legs_left,21,Male,65kg
677,0,1055,652,326,crossed_legs_left,21,Male,65kg
678,0,1043,656,328,crossed_legs_left,21,Male,65kg
679,0,1045,650,325,crossed_legs_left,21,Male,65kg
680,0,1104,728,364,crossed_legs_left,21,Male,65kg
681,0,1040,674,337,crossed_legs_left,21,Male,65kg
682,0,1039,654,327,crossed_legs_left,21,Male,65kg
683,0,1008,678,339,crossed_legs_left,21,Male,65kg
684,0,1011,656,328,crossed_legs_left,21,Male,65kg
685,0,1056,749,374,crossed_legs_left,21,Male,65kg
686,0,1040,639,319,crossed_legs_left,21,Male,65kg
687,0,929,722,361,crossed_legs_left,21,Male,65kg
688,0,973,727,363,crossed_legs_left,21,Male,65kg
689,0,976,733,366,crossed_legs_left,21,Male,65kg
690,0,934,671,335,crossed_legs_left,21,Male,65kg
691,0,960,695,347,crossed_legs_left,21,Male,65kg
692,0,964,685,342,crossed_legs_left,21,Male,65kg
693,0,955,670,335,crossed_legs_left,21,Male,65kg
694,0,926,812,406,crossed_legs_left,21,Male,65kg
695,0,950,604,302,crossed_legs_left,21,Male,65kg
696,0,980,642,321,crossed_legs_left,21,Male,65kg
697,0,976,625,312,crossed_legs_left,21,Male,65kg
698,0,974,619,309,crossed_legs_left,21,Male,65kg
699,0,976,614,307,crossed_legs_left,21,Male,65kg
700,0,976,596,298,crossed_legs_left,21,Male,65kg
701,0,996,628,314,crossed_legs_right,21,Male,65kg
702,0,1019,703,351,crossed_legs_right,21,Male,65kg
703,0,1001,676,338,crossed_legs_right,21,Male,65kg
704,0,1062,927,463,crossed_legs_right,21,Male,65kg
705,1860,1034,1469,1664,crossed_legs_right,21,Male,65kg
706,1858,0,0,929,crossed_legs_right,21,Male,65kg
707,1565,0,941,1253,crossed_legs_right,21,Male,65kg
708,1621,0,1488,1554,crossed_legs_right,21,Male,65kg
709,1659,0,1575,1617,crossed_legs_right,21,Male,65kg
710,1654,0,1535,1594,crossed_legs_right,21,Male,65kg
711,1626,0,1458,1542,crossed_legs_right,21,Male,65kg
712,1580,0,1526,1553,crossed_legs_right,21,Male,65kg
713,1630,0,1535,1582,crossed_legs_right,21,Male,65kg
714,1519,0,1495,1507,crossed_legs_right,21,Male,65kg
715,1535,0,1514,1524,crossed_legs_right,21,Male,65kg
716,1511,0,1494,1502,crossed_legs_right,21,Male,65kg
717,1519,0,1535,1527,crossed_legs_right,21,Male,65kg
718,1530,0,1406,1468,crossed_legs_right,21,Male,65kg
719,1574,0,1382,1478,crossed_legs_right,21,Male,65kg
720,1488,0,1483,1485,crossed_legs_right,21,Male,65kg
721,1507,0,1478,1492,crossed_legs_right,21,Male,65kg
722,1505,0,1521,1513,crossed_legs_right,21,Male,65kg
723,1478,0,1516,1497,crossed_legs_right,21,Male,65kg
724,1432,0,1534,1483,crossed_legs_right,21,Male,65kg
725,1441,0,1511,1476,crossed_legs_right,21,Male,65kg
726,1409,0,1517,1463,crossed_legs_right,21,Male,65kg
727,1451,0,1525,1488,crossed_legs_right,21,Male,65kg
728,1453,0,1459,1456,crossed_legs_right,21,Male,65kg
729,1463,0,1600,1531,crossed_legs_right,21,Male,65kg
730,1490,0,1617,1553,crossed_legs_right,21,Male,65kg
731,1512,0,1618,1565,crossed_legs_right,21,Male,65kg
732,1500,0,1619,1559,crossed_legs_right,21,Male,65kg
733,1503,0,1619,1561,crossed_legs_right,21,Male,65kg
734,1353,0,1738,1545,crossed_legs_right,21,Male,65kg
735,1071,0,2174,1622,crossed_legs_right,21,Male,65kg
736,1264,0,2265,1764,crossed_legs_right,21,Male,65kg
737,1323,0,2192,1757,crossed_legs_right,21,Male,65kg
738,1339,0,2282,1810,crossed_legs_right,21,Male,65kg
739,1427,0,2259,1843,crossed_legs_right,21,Male,65kg
740,1499,0,2003,1751,crossed_legs_right,21,Male,65kg
741,1526,0,2099,1812,crossed_legs_right,21,Male,65kg
742,1509,0,2096,1802,crossed_legs_right,21,Male,65kg
743,1531,0,2246,1888,crossed_legs_right,21,Male,65kg
744,1327,0,2246,1786,crossed_legs_right,21,Male,65kg
745,1353,0,2271,1812,crossed_legs_right,21,Male,65kg
746,1434,0,2277,1855,crossed_legs_right,21,Male,65kg
747,1427,0,2302,1864,crossed_legs_right,21,Male,65kg
748,1438,0,2293,1865,crossed_legs_right,21,Male,65kg
749,1443,0,2272,1857,crossed_legs_right,21,Male,65kg
750,1421,0,2228,1824,crossed_legs_right,21,Male,65kg
751,1431,0,2201,1816,crossed_legs_right,21,Male,65kg
752,1398,0,2352,1875,crossed_legs_right,21,Male,65kg
753,1520,0,2807,2163,crossed_legs_right,21,Male,65kg
754,1503,0,2767,2135,crossed_legs_right,21,Male,65kg
755,1519,0,2773,2146,crossed_legs_right,21,Male,65kg
756,1529,0,2758,2143,crossed_legs_right,21,Male,65kg
757,1519,0,2766,2142,crossed_legs_right,21,Male,65kg
758,1535,0,2509,2022,crossed_legs_right,21,Male,65kg
759,1535,0,2778,2156,crossed_legs_right,21,Male,65kg
760,1581,0,2717,2149,crossed_legs_right,21,Male,65kg
761,1563,0,2727,2145,crossed_legs_right,21,Male,65kg
762,1535,0,2696,2115,crossed_legs_right,21,Male,65kg
763,1602,0,2595,2098,crossed_legs_right,21,Male,65kg
764,1593,0,2581,2087,crossed_legs_right,21,Male,65kg
765,1600,0,2558,2079,crossed_legs_right,21,Male,65kg
766,1581,0,2869,2225,crossed_legs_right,21,Male,65kg
767,1631,0,2464,2047,crossed_legs_right,21,Male,65kg
768,1648,0,2402,2025,crossed_legs_right,21,Male,65kg
769,1648,0,2502,2075,crossed_legs_right,21,Male,65kg
770,1590,0,2729,2159,crossed_legs_right,21,Male,65kg
771,1631,0,2613,2122,crossed_legs_right,21,Male,65kg
772,1659,0,2438,2048,crossed_legs_right,21,Male,65kg
773,1667,0,2418,2042,crossed_legs_right,21,Male,65kg
774,1642,0,2369,2005,crossed_legs_right,21,Male,65kg
775,1649,0,2355,2002,crossed_legs_right,21,Male,65kg
776,1637,0,2497,2067,crossed_legs_right,21,Male,65kg
777,1634,0,2229,1931,crossed_legs_right,21,Male,65kg
778,1653,0,1910,1781,crossed_legs_right,21,Male,65kg
779,1647,0,1904,1775,crossed_legs_right,21,Male,65kg
780,1648,0,1860,1754,crossed_legs_right,21,Male,65kg
781,1659,0,1865,1762,crossed_legs_right,21,Male,65kg
782,1661,0,1867,1764,crossed_legs_right,21,Male,65kg
783,1666,0,1872,1769,crossed_legs_right,21,Male,65kg
784,1671,0,1867,1769,crossed_legs_right,21,Male,65kg
785,1648,0,1871,1759,crossed_legs_right,21,Male,65kg
786,1647,0,1860,1753,crossed_legs_right,21,Male,65kg
787,1648,0,1953,1800,crossed_legs_right,21,Male,65kg
788,1648,0,2061,1854,crossed_legs_right,21,Male,65kg
789,1658,0,2287,1972,crossed_legs_right,21,Male,65kg
790,1664,0,2205,1934,crossed_legs_right,21,Male,65kg
791,1657,0,2055,1856,crossed_legs_right,21,Male,65kg
792,1659,0,2066,1862,crossed_legs_right,21,Male,65kg
793,1646,0,2047,1846,crossed_legs_right,21,Male,65kg
794,1654,0,2053,1853,crossed_legs_right,21,Male,65kg
795,1667,0,2000,1833,crossed_legs_right,21,Male,65kg
796,1648,0,2305,1976,crossed_legs_right,21,Male,65kg
797,1641,0,2068,1854,crossed_legs_right,21,Male,65kg
798,1467,0,1713,1590,crossed_legs_right,21,Male,65kg
799,1232,0,1879,1555,crossed_legs_right,21,Male,65kg
800,1213,0,1701,1457,crossed_legs_right,21,Male,65kg
